Key|Canonical Key|HD Row|BXP|XP/HP|S Abilities|S Basis|S Award Units|E Abilities|E Basis|E Award Units|Adjustment|Appendix E XP|Chosen XP|Status|Decision
aerial_servant||15--16+|2400|20|2|surprise on 1--4; magic weapons to hit|2|1|maximum damage 32 singly|1|none|5250 + 20/hp|6500 + 20/hp|corrected|Include the explicit magic-weapon defense as a second Special; Appendix E accounts only for surprise and maximum damage.
anhkheg||varies|varies|varies|0|none|0|1|digestive acid and acid squirt|4|acid package x4|390 + hp value|390 + hp value|variable|The Appendix subtotal represents 5 HD; keyed variants use each actual HD row with the same x4 Exceptional weighting.
anhkheg_3hd|anhkheg|2+1--3|35|3|0|none|0|1|digestive acid and acid squirt|4|acid package x4|not listed|255 + 3/hp|derived|Uses the actual 3 HD row rather than repeating the 5 HD subtotal.
anhkheg_4hd|anhkheg|3+1--4|60|4|0|none|0|1|digestive acid and acid squirt|4|acid package x4|not listed|320 + 4/hp|derived|Uses the actual 4 HD row while retaining the x4 Exceptional weighting established by the published 5 HD subtotal.
anhkheg_5hd|anhkheg|4+1--5|90|5|0|none|0|1|digestive acid and acid squirt|4|acid package x4|390 + hp value|390 + 5/hp|confirmed|This is the form whose p. 85 row produces the published Appendix subtotal.
anhkheg_6hd|anhkheg|5+1--6|150|6|0|none|0|1|digestive acid and acid squirt|4|acid package x4|not listed|650 + 6/hp|derived|Uses the actual 6 HD row while retaining the x4 Exceptional weighting established by the published 5 HD subtotal.
anhkheg_7hd|anhkheg|6+1--7|225|8|0|none|0|1|digestive acid and acid squirt|4|acid package x4|not listed|925 + 8/hp|derived|Uses the actual 7 HD row while retaining the x4 Exceptional weighting established by the published 5 HD subtotal.
anhkheg_8hd|anhkheg|7+1--8|375|10|0|none|0|1|digestive acid and acid squirt|4|acid package x4|not listed|1475 + 10/hp|derived|Uses the actual 8 HD row while retaining the x4 Exceptional weighting established by the published 5 HD subtotal.
ant_giant||1+1--2|20|2|0|none|0|0|none|0|none|20 + 2/hp|20 + 2/hp|confirmed|No qualifying abilities.
ant_queen|ant_giant|9+1--10+|900|14|0|none|0|0|none|0|noncombatant override|not listed|0|override|The immobile queen neither attacks nor moves; retain zero XP despite its nominal 10 HD.
ant_warrior|ant_giant|2+1--3|35|3|0|none|0|1|poison sting|1|none|40 + 3/hp|90 + 3/hp|corrected|The published subtotal cannot be formed from the 3 HD row; treat even this comparatively weak poison as Exceptional for consistent p. 85 classification.
ape||4+1--5|90|5|1|rending|1|0|none|0|none|130 + 5/hp|130 + 5/hp|confirmed|Rending earns one ordinary Special award.
gorilla|ape|4+1--5|90|5|1|rending|1|0|none|0|none|130 + 5/hp|130 + 5/hp|alias|Useful alternate lookup key; inherits the Ape allocation.
ape_carnivorous||4+1--5|90|5|2|rending; surprised only on 1|2|0|none|0|none|170 + 5/hp|170 + 5/hp|confirmed|Rending and the improved surprise defense each earn one Special award.
axe_beak||2+1--3|35|3|0|none|0|0|none|0|none|35 + 3/hp|35 + 3/hp|confirmed|No qualifying abilities.
baboon||1+1--2|20|2|0|none|0|0|none|0|none|20 + 2/hp|20 + 2/hp|confirmed|Climbing does not materially alter combat and earns no award.
badger||1+1--2|20|2|0|none|0|0|none|0|none|20 + 2/hp|20 + 2/hp|confirmed|No qualifying abilities.
badger_giant||2+1--3|35|3|0|none|0|0|none|0|none|35 + 3/hp|35 + 3/hp|confirmed|No qualifying abilities.
baluchitherium||13--14+|1800|18|0|none|0|2|maximum damage 40 doubly; charge and trample|2|none|4200 + 18/hp|4200 + 18/hp|confirmed|Maximum damage supplies one Exceptional award and the prose-only charge and trample supplies the second; include that reliable combat ability in the descriptive fields even though Appendix E says nil.
barracuda||varies|varies|varies|0|none|0|0|none|0|middle-form summary|20 + 2/hp|20 + 2/hp|variable|The Appendix value represents the middle 2 HD form; keyed variants use each actual HD row.
barracuda_1hd|barracuda|1-1--1|10|1|0|none|0|0|none|0|none|not listed|10 + 1/hp|derived|Uses the actual 1 HD row.
barracuda_2hd|barracuda|1+1--2|20|2|0|none|0|0|none|0|none|group listing 20 + 2/hp|20 + 2/hp|confirmed|This is the representative middle form used by the Appendix listing.
barracuda_3hd|barracuda|2+1--3|35|3|0|none|0|0|none|0|none|not listed|35 + 3/hp|derived|Uses the actual 3 HD row.
basilisk||6+1--7|225|8|1|petrifying gaze and planar extension|2|1|petrifying gaze and planar extension|3|extraordinary gaze package 2S+3E|1000 + 8/hp|1000 + 8/hp|confirmed|The published subtotal treats its single extraordinary gaze package as two Special and three Exceptional award units, covering petrification plus its lethal or petrifying reach into the astral and ethereal planes.
bear_black||3+1--4|60|4|1|hug|1|0|none|0|none|85 + 4/hp|85 + 4/hp|confirmed|The hug earns one Special award.
bear_brown||5+1--6|150|6|2|hug; fights after reaching 0 hp|2|0|none|0|none|300 + 6/hp|300 + 6/hp|confirmed|The hug and continued fighting after reaching 0 hp each earn one Special award.
bear_cave||6+1--7|225|8|2|hug; fights after reaching 0 hp|2|0|none|0|none|475 + 8/hp|475 + 8/hp|confirmed|The hug and continued fighting after reaching 0 hp each earn one Special award; its ordinary attack routine does not cross the three-attack maximum-damage threshold.
beaver_giant||3+1--4|60|4|0|none|0|0|none|0|none|60 + 4/hp|60 + 4/hp|confirmed|No qualifying abilities.
beetle_bombardier||2+1--3|35|3|1|acid cloud as missile discharge|1|1|stunning and deafening cloud|1|none|105 + 3/hp|105 + 3/hp|confirmed|The discharged acid cloud earns one Special and its chance to stun or deafen earns one Exceptional award.
beetle_boring||4+1--5|90|5|0|none|0|0|none|0|none|90 + 5/hp|90 + 5/hp|confirmed|No qualifying abilities.
beetle_fire||1+1--2|20|2|0|none|0|0|none|0|none|20 + 2/hp|20 + 2/hp|confirmed|No qualifying combat abilities; the removable light glands do not affect combat.
beetle_rhinoceros||11--12+|1300|16|0|none|0|1|maximum damage 34 doubly|1|none|2150 + 16/hp|2150 + 16/hp|confirmed|Its two-attack routine exceeds the doubled maximum-damage threshold of 30.
beetle_stag||6+1--7|225|8|0|none|0|0|none|0|none|400 + 8/hp|225 + 8/hp|corrected|Its three attacks total at most 36 damage, exactly the threshold rather than over it, and the description supplies no other qualifying ability; remove the published Exceptional award.
beetle_water||3+1--4|60|4|0|none|0|0|none|0|none|85 + 4/hp|60 + 4/hp|corrected|The published subtotal contains one unexplained Special award; fast swimming and hunting by scent and vibration do not materially alter combat.
beholder||varies|varies|varies|2|armor class 0; exceptional intelligence affecting combat|2|2|magical eye rays; anti-magic and magic resistance|5|extraordinary eye-power package totals 5E|12900 + 20/hp|12900 + 20/hp|variable|The Appendix subtotal uses the 15--16+ row; keyed 10--16 HD forms retain the same two-Special and five-Exceptional allocation on their actual rows.
beholder_10hd|beholder|9+1--10+|900|14|2|armor class 0; exceptional intelligence affecting combat|2|2|magical eye rays; anti-magic and magic resistance|5|extraordinary eye-power package totals 5E|group listing 12900 + 20/hp|4800 + 14/hp|derived|Applies the common Beholder allocation to the inferred 10 HD form.
beholder_11hd|beholder|11--12+|1300|16|2|armor class 0; exceptional intelligence affecting combat|2|2|magical eye rays; anti-magic and magic resistance|5|extraordinary eye-power package totals 5E|group listing 12900 + 20/hp|6950 + 16/hp|derived|Applies the common Beholder allocation to the inferred 11 HD form.
beholder_12hd|beholder|11--12+|1300|16|2|armor class 0; exceptional intelligence affecting combat|2|2|magical eye rays; anti-magic and magic resistance|5|extraordinary eye-power package totals 5E|group listing 12900 + 20/hp|6950 + 16/hp|derived|Applies the common Beholder allocation to the inferred 12 HD form.
beholder_13hd|beholder|13--14+|1800|18|2|armor class 0; exceptional intelligence affecting combat|2|2|magical eye rays; anti-magic and magic resistance|5|extraordinary eye-power package totals 5E|group listing 12900 + 20/hp|9700 + 18/hp|derived|Applies the common Beholder allocation to the inferred 13 HD form.
beholder_14hd|beholder|13--14+|1800|18|2|armor class 0; exceptional intelligence affecting combat|2|2|magical eye rays; anti-magic and magic resistance|5|extraordinary eye-power package totals 5E|group listing 12900 + 20/hp|9700 + 18/hp|derived|Applies the common Beholder allocation to the inferred 14 HD form.
beholder_15hd|beholder|15--16+|2400|20|2|armor class 0; exceptional intelligence affecting combat|2|2|magical eye rays; anti-magic and magic resistance|5|extraordinary eye-power package totals 5E|12900 + 20/hp|12900 + 20/hp|confirmed|This inferred form uses the same row and allocation as the Appendix subtotal.
beholder_16hd|beholder|15--16+|2400|20|2|armor class 0; exceptional intelligence affecting combat|2|2|magical eye rays; anti-magic and magic resistance|5|extraordinary eye-power package totals 5E|12900 + 20/hp|12900 + 20/hp|confirmed|This inferred form uses the same row and allocation as the Appendix subtotal.
black_pudding||9+1--10+|900|14|2|dissolves wood and metal; immune to blows, cold, and lightning|2|0|none|0|none|1350 + 14/hp|1800 + 14/hp|corrected|Count the offensive corrosion ability and the distinct package of combat immunities as two cumulative Specials.
blink_dog||3+1--4|60|4|2|rear attack 75 percent; teleporting|2|0|none|0|none|170 + 5/hp|110 + 4/hp|corrected|Use the actual 4 HD row and award one Special each for its rear-positioning attack and combat teleportation.
boar_wild||3+1--4|60|4|1|fights after reaching 0 hp|1|0|none|0|none|85 + 4/hp|85 + 4/hp|confirmed|The prose-only ability to continue fighting below 0 hp earns one Special and is included in the descriptive fields.
boar_giant||6+1--7|225|8|1|fights after reaching 0 hp|1|0|none|0|none|225 + 8/hp|350 + 8/hp|corrected|Apply the same prose-only Special awarded to the lesser boars; the giant form can continue fighting as low as -10 hp.
warthog||2+1--3|35|3|1|fights after reaching 0 hp|1|0|none|0|none|50 + 3/hp|50 + 3/hp|confirmed|The prose-only ability to continue fighting below 0 hp earns one Special and is included in the descriptive fields.
boar_warthog|warthog|2+1--3|35|3|1|fights after reaching 0 hp|1|0|none|0|none|group listing 50 + 3/hp|50 + 3/hp|alias|Useful alternate lookup key; inherits the Warthog allocation.
brain_mole||up to 1-1|5|1|0|none|0|1|psionic mind attack|1|fixed 1 hp|31 fixed|31 fixed|confirmed|The fixed total is base 5 plus one Exceptional award of 25 plus 1 XP for its single hit point.
brownie||up to 1-1|5|1|5|high intelligence; exceptional senses; never surprised; Dexterity 18; natural invisibility|5|2|spell use; cleric-level saves and magic resistance|2|none|65 + 1/hp|65 + 1/hp|confirmed|The published extraordinary allocation is supported by its numerous combat-relevant senses, defenses, spell use, and escape abilities.
buffalo||4+1--5|90|5|1|charge and trample|1|0|none|0|none|350 + 8/hp|130 + 5/hp|corrected|Use the actual 5 HD row; the charge and its associated trampling form one Special package.
bugbear||3+1--4|60|4|3|surprise on 1--3; missile discharge; infravision and night fighting|3|0|none|0|none|135 + 4/hp|135 + 4/hp|confirmed|The published subtotal can be read as one Special each for exceptional surprise, thrown weapons, and effective combat in darkness.
bulette||8+1--9|600|12|3|armor class -2; burrowing ambush; jumping attack|3|1|extraordinary maximum-damage package|2|maximum-damage award x2|2300 + 12/hp|2300 + 12/hp|confirmed|Its normal and jumping routines both greatly exceed their applicable maximum-damage thresholds, supporting a doubled award for the single extraordinary damage package alongside three Special combat advantages.
bull||3+1--4|60|4|1|charge and trample|1|0|none|0|none|85 + 4/hp|85 + 4/hp|confirmed|The charge and its associated trampling form one Special package.
camel_wild||2+1--3|35|3|1|spitting as missile discharge|1|0|none|0|none|35 + 3/hp|50 + 3/hp|corrected|The stat block explicitly lists spitting and the prose gives it a chance to blind; award the missile discharge one Special, with no separate Exceptional for its low overall chance and short duration.
carrion_crawler||3+1--4|60|4|1|eight attacks per round|0|1|paralysis tentacles|8|paralysis package x8; multiple attacks subsumed|580 + 4/hp|580 + 4/hp|confirmed|Each of the eight tentacles can paralyze; the published subtotal treats the paralysis package as eight Exceptional award units, subsuming the ordinary multiple-attack award.
catoblepas||6+1--7|225|8|1|gaze as ranged special attack|1|2|stunning tail; death gaze|2|none|700 + 8/hp|700 + 8/hp|confirmed|The ranged gaze earns one Special, while the stunning tail and lethal gaze each earn one Exceptional award.
cattle_wild||varies|varies|varies|0|none|0|0|none|0|middle-form summary|35 + 2/hp|35 + 3/hp|corrected|The Appendix crosses the 3 HD base with the 2 HD rate; use the representative 3 HD form. Stampeding is a group event and does not change an individual animal's award.
cattle_wild_1hd|cattle_wild|1-1--1|10|1|0|none|0|0|none|0|none|not listed|10 + 1/hp|derived|Uses the actual 1 HD row; the group stampede does not change the individual award.
cattle_wild_2hd|cattle_wild|1+1--2|20|2|0|none|0|0|none|0|none|not listed|20 + 2/hp|derived|Uses the actual 2 HD row; the group stampede does not change the individual award.
cattle_wild_3hd|cattle_wild|2+1--3|35|3|0|none|0|0|none|0|none|group listing 35 + 2/hp|35 + 3/hp|derived|Uses the actual 3 HD row and corrects the crossed Appendix rate; the group stampede does not change the individual award.
cattle_wild_4hd|cattle_wild|3+1--4|60|4|0|none|0|0|none|0|none|not listed|60 + 4/hp|derived|Uses the actual 4 HD row; the group stampede does not change the individual award.
centaur||3+1--4|60|4|1|human weapon use including bows|1|0|none|0|none|85 + 4/hp|85 + 4/hp|confirmed|Its organized human weapon use, including missile discharge, earns one Special award.
centipede_giant||up to 1-1|5|1|0|none|0|1|poison|1|none|30 + 1/hp|30 + 1/hp|confirmed|Poison earns one Exceptional award even though this creature's poison grants a +4 saving-throw bonus.
cerebral_parasite||none|none|none|0|none|0|0|none|0|noncombatant parasite override|nil|nil|override|Its infestation has no conventional hit dice or hit points and cannot be valued through the p. 85 table; retain nil XP.
chimera||8+1--9|600|12|1|six attacks per round|1|1|breath weapon|1|none|1000 + 12/hp|1300 + 12/hp|corrected|Count the explicit Special award for four or more attacks in addition to the breath-weapon Exceptional; its six-attack routine totals only 34 maximum damage and earns no further award.
cockatrice||4+1--5|90|5|0|none|0|1|petrifying touch|3|petrification x3|315 + 5/hp|315 + 5/hp|confirmed|The otherwise weak creature's lethal petrifying touch receives three Exceptional award units.
couatl||8+1--9|600|12|2|genius intelligence affecting combat; ethereal defense|2|3|poison; spell use; psionics|3|none|2400 + 12/hp|2400 + 12/hp|confirmed|Its intelligence and ethereal defense earn two Specials, while poison, spell use, and psionics earn three Exceptionals.
crab_giant||2+1--3|35|3|0|none|0|0|none|0|none|35 + 3/hp|35 + 3/hp|confirmed|No qualifying abilities.
crayfish_giant||4+1--5|90|5|0|none|0|0|none|0|none|90 + 5/hp|90 + 5/hp|confirmed|No qualifying abilities.
crocodile||2+1--3|35|3|0|none|0|0|none|0|none|60 + 4/hp|35 + 3/hp|corrected|Use the actual 3 HD row rather than the 4 HD row copied by the Appendix.
crocodile_giant||6+1--7|225|8|0|none|0|1|maximum damage 38 doubly|1|none|400 + 8/hp|400 + 8/hp|confirmed|Its two-attack routine exceeds the doubled maximum-damage threshold of 30.
demogorgon||21+|5000|35|10|armor class -8; multiple attacks; special attacks and defenses; supra-genius combat intelligence|10|12|energy drain; rotting; gaze powers; spell use; psionics; magic resistance and weapon immunity|12|fixed 200 hp; extraordinary ability packages|74000 fixed|67000 + 35/hp|corrected|Preserve the published 200 hit points in the HD field while using the inferred top p. 85 row only for XP; the formula yields the published 74000 at 200 hp.
juiblex||21+|5000|35|7|armor class -7; special attacks and defenses; genius combat intelligence|7|7|ochre-slime attack; spell use; psionics; magic resistance and weapon immunity|7|fixed 88 hp; extraordinary ability packages|47280 fixed|44200 + 35/hp|corrected|Preserve the published 88 hit points in the HD field. Although 88 divided by the d8 average suggests about 20 HD, that is only a plausibility check; the 21-and-up row exactly reproduces the published total with a balanced 7S and 7E and agrees with his THAC0 and peer demon-lord treatment.
manes||1-1--1|10|1|2|magic weapons to hit; undead spell resistance|2|0|none|0|none|18 + 1/hp|18 + 1/hp|confirmed|Its two special defenses earn two Special awards.
orcus||21+|5000|35|6|armor class -6; weapon immunity; supra-genius combat intelligence; shared demon defenses; teleportation and darkness; extraordinary weapon attack bonus|8|7|poison; death wand; spell use; psionics; magic resistance; demon gating; undead summoning|11|fixed 120 hp; extraordinary death-wand, spell, and summoning packages; DMG 63900 typo for 63000|63900 fixed|58800 + 35/hp|corrected|Preserve the published 120 hit points and use the 21-and-up row indicated by its roughly 27-die average and peer status. Eight Special and eleven Exceptional award units give 63000 at 120 hp, a balanced allocation comparable to Demogorgon and Asmodeus; treat the DMG's 63900 as a typo rather than forcing an implausible row or fractional award.
succubus||5+1--6|150|6|6|armor class 0; special attacks and defenses; exceptional combat intelligence|6|12|energy drain; spell use; psionics; magic resistance and weapon immunity|12|extraordinary ability packages|2100 + 6/hp|2100 + 6/hp|confirmed|The published subtotal uses six Special and twelve Exceptional award units for its extensive combat powers.
type_I_demon||7+1--8|375|10|2|five attacks; armor class 0|2|2|magic use; magic resistance|2|none|1275 + 10/hp|1275 + 10/hp|confirmed|Multiple attacks and AC 0 earn two Specials; magic use and magic resistance earn two Exceptionals.
type_II_demon||8+1--9|600|12|2|armor class -2; special attacks and defenses|2|2|magic use and psionics; magic resistance|2|none|2000 + 12/hp|2000 + 12/hp|confirmed|Two Special and two Exceptional award units reproduce the published subtotal.
type_III_demon||9+1--10+|900|14|2|five attacks; armor class -4|2|1|magic use, psionics, and magic resistance package|1|combined extraordinary package|2400 + 14/hp|2400 + 14/hp|confirmed|Multiple attacks and AC -4 earn two Specials; the related magical powers are combined into one Exceptional package.
type_IV_demon||11--12+|1300|16|0|none|0|2|magic use and psionics; magic resistance and weapon immunity|2|combined extraordinary packages|3000 + 16/hp|3000 + 16/hp|confirmed|The published subtotal combines its extensive magic and defenses into two Exceptional packages.
type_V_demon||7+1--8|375|10|4|seven attacks; armor class -7; high combat intelligence; special attacks and defenses|4|3|magic use; psionics; magic resistance and weapon immunity|3|none|3000 + 12/hp|1900 + 10/hp|corrected|Use the actual 7+7 HD row while retaining four Special and three Exceptional award units.
type_VI_demon||8+1--9|600|12|2|armor class -2; high combat intelligence|2|6|immolation and weapon attacks; magic use; psionics; magic resistance and weapon immunity|6|extraordinary ability packages|3600 + 12/hp|3600 + 12/hp|confirmed|Two Special and six Exceptional award units reproduce the published subtotal.
yeenoghu||21+|5000|35|5|armor class -5; special attacks and defenses; exceptional combat intelligence|5|11|paralysis and confusion; spell use; psionics; regeneration; magic resistance and weapon immunity|11|fixed 100 hp; extraordinary ability packages|54500 fixed|51000 + 35/hp|corrected|Preserve the published 100 hit points in the HD field while using the inferred top p. 85 row only for XP; the formula yields 54500 at 100 hp.
asmodeus||21+|5000|35|10|armor class -7; special attacks and defenses; supra-genius combat intelligence|10|11|rod powers; gaze powers; spell use; psionics; magic resistance and weapon immunity|11|fixed 199 hp; extraordinary ability packages|70965 fixed|64000 + 35/hp|corrected|Preserve the published 199 hit points in the HD field while using the inferred top p. 85 row only for XP; the formula yields the published 70965 at 199 hp.
baalzebul||21+|5000|35|1|armor class -5 and special combat package|1|16|poison; gaze powers; spell use; psionics; magic resistance and weapon immunity|16|fixed 166 hp; extraordinary ability packages|61410 fixed|55600 + 35/hp|corrected|Preserve the published 166 hit points in the HD field while using the inferred top p. 85 row only for XP; one Special and sixteen Exceptional award units reproduce 61410 at 166 hp.
barbed_devil||7+1--8|375|10|4|armor class 0; fear; never surprised; shared devil defenses|4|2|magic use; magic resistance|2|reclassify published six Specials|1425 + 10/hp|1625 + 10/hp|corrected|The published subtotal is six Specials, but p. 85 explicitly classifies spell use and magic resistance as Exceptional; retain four other Specials and reclassify those two awards.
bone_devil||8+1--9|600|12|2|armor class -1 and bone hook; magic weapons to hit|2|4|strength drain; magic use; magic resistance; fear and ice magic package|4|none|2800 + 12/hp|2800 + 12/hp|confirmed|Two Special and four Exceptional award units reproduce the published subtotal and cover its hook, defenses, debilitating tail, spell use, and resistance.
dispater||21+|5000|35|10|armor class -2; special attacks and defenses; genius combat intelligence|10|4|rod powers; spell use; psionics; magic resistance and weapon immunity|4|fixed 144 hp; extraordinary ability packages|48040 fixed|43000 + 35/hp|corrected|Preserve the published 144 hit points in the HD field while using the inferred top p. 85 row only for XP; the formula yields the published 48040 at 144 hp.
erinyes||6+1--7|225|8|1|rope of entanglement|1|3|pain poison; magic use; magic resistance|3|none|875 + 8/hp|875 + 8/hp|confirmed|The entangling rope earns one Special while poison, magic use, and magic resistance earn three Exceptionals.
geryon||21+|5000|35|5|armor class -3; weapon immunity; exceptional combat intelligence; horn summoning; shared devil defenses|9|5|maximum damage; poison; spell use; psionics; magic resistance|5|fixed 133 hp; extraordinary weighting of Special packages|47975 fixed|43400 + 35/hp|corrected|Preserve the published 133 hit points in the HD field. Its d8-average equivalent is about 30 HD, so use the 21-and-up row; nine Special and five Exceptional award units give 43400 + 35/hp, or 48055 at 133 hp, correcting the irreproducible published total.
horned_devil||5+1--6|150|6|6|four attacks; armor class -5; weapon immunity; high combat intelligence; fear; special weapon package|6|4|spell use; psionics; magic resistance; bleeding and stunning package|4|DMG 1320 cannot be produced from this row|1320 + 6/hp|1100 + 6/hp|corrected|Six Special and four Exceptional awards give 1100 + 6/hp. The DMG's 1320 subtotal is irreproducible from the 5+1--6 row and should not be forced through fractional awards.
ice_devil||11--12+|1300|16|2|four attacks and armor class -4; weapon immunity and regeneration package|2|2|magic use and psionics; magic resistance|2|none|4400 + 16/hp|4400 + 16/hp|confirmed|Two Special and two Exceptional award units reproduce the published subtotal and cover its multiple attacks, defenses, magic use, psionics, and resistance.
lemure||2+1--3|35|3|2|regeneration; spell immunity|2|0|none|0|none|65 + 3/hp|65 + 3/hp|confirmed|Regeneration and immunity to charm, sleep, and similar spells earn two Special awards.
pit_fiend||13--14+|1800|18|4|armor class -3; weapon immunity; regeneration; exceptional intelligence and special attack package|4|2|magic use and psionics; magic resistance|2|DMG 7900 cannot be produced from this row|7900 + 18/hp|8000 + 18/hp|corrected|Four Special and two Exceptional awards give 8000 + 18/hp. The DMG's 7900 subtotal is irreproducible from the 13--14+ row.
anatosaurus||11--12+|1300|16|0|none|0|0|none|0|none|1300 + 16/hp|1300 + 16/hp|confirmed|No qualifying abilities.
ankylosaurus||8+1--9|600|12|1|armor class 0|1|0|none|0|spelling corrected from anklyosaurus|900 + 12/hp|900 + 12/hp|corrected|Armor class 0 earns one Special award; the XP calculation was already correct.
antrodemus||15--16+|2400|20|0|none|0|0|none|0|none|2400 + 20/hp|2400 + 20/hp|confirmed|No qualifying abilities.
apatosaurus||21+|5000|35|0|none|0|1|stepping or trampling for 4--40 damage|1|add prose-supported stepping award|5000 + 35/hp|8000 + 35/hp|corrected|Its prose says it is prone to stepping on creatures in its path; the 40-point maximum exceeds the single-attack threshold and earns one Exceptional award.
archelon_ischyras||6+1--7|225|8|0|none|0|0|none|0|none|225 + 8/hp|225 + 8/hp|confirmed|No qualifying abilities.
brachiosaurus||21+|5000|35|0|none|0|1|stepping or trampling for 8--80 damage|1|add prose-supported stepping award|5000 + 35/hp|8000 + 35/hp|corrected|Its stepping attack far exceeds the single-attack damage threshold and earns one Exceptional award.
camarasaurus||19--20+|4000|30|0|none|0|1|stepping or trampling for 3--30 damage|1|add prose-supported stepping award|4000 + 30/hp|6500 + 30/hp|corrected|Its 30-point stepping attack exceeds the single-attack damage threshold and earns one Exceptional award.
ceratosaurus||7+1--8|375|10|0|none|0|0|none|0|DMG uses the 9-HD row for an 8-HD monster|600 + 12/hp|375 + 10/hp|corrected|Use the actual 8 HD row; its three-attack routine has a maximum of 28, below the trebled threshold of 36.
cetiosaurus||21+|5000|35|0|none|0|1|stepping or trampling for 4--40 damage|1|add prose-supported stepping award|5000 + 35/hp|8000 + 35/hp|corrected|Its stepping attack exceeds the single-attack damage threshold and earns one Exceptional award.
dinichtys||9+1--10+|900|14|0|none|0|1|swallowing whole|1|none|1500 + 14/hp|1500 + 14/hp|confirmed|Swallowing whole earns one Exceptional award.
diplodocus||21+|5000|35|0|none|0|1|stepping or trampling for 3--30 damage|1|add prose-supported stepping award|5000 + 35/hp|8000 + 35/hp|corrected|Its stepping attack exceeds the single-attack damage threshold and earns one Exceptional award.
elasmosaurus||15--16+|2400|20|0|none|0|0|none|0|none|2400 + 20/hp|2400 + 20/hp|confirmed|No qualifying abilities.
gorgosaurus||13--14+|1800|18|0|none|0|0|none|0|none|1800 + 18/hp|1800 + 18/hp|confirmed|Its three-attack routine has a maximum of 34, below the trebled threshold of 36.
iguanadon||5+1--6|150|6|0|none|0|0|none|0|none|150 + 6/hp|150 + 6/hp|confirmed|No qualifying abilities.
lambeosaurus||11--12+|1300|16|0|none|0|0|none|0|none|1300 + 16/hp|1300 + 16/hp|confirmed|No qualifying abilities.
megalosaurus||11--12+|1300|16|0|none|0|0|none|0|none|1300 + 16/hp|1300 + 16/hp|confirmed|No qualifying abilities.
monoclonius||7+1--8|375|10|1|charge and trample|1|0|none|0|correct XP/HP rate from 8 to 10|550 + 8/hp|550 + 10/hp|corrected|Charge and trample earn one Special award; use the 8-HD row's 10 XP per hit point.
mosasaurus||11--12+|1300|16|0|none|0|1|maximum damage 32 singly|1|correct crossed XP/HP rate and add damage award|1300 + 18/hp|2150 + 16/hp|corrected|Use the 12-HD row and award one Exceptional for its 32-point single bite.
paleoscincus||8+1--9|600|12|1|armor class -3|1|1|spiked retaliation for 3--12 damage|1|none|1300 + 12/hp|1300 + 12/hp|confirmed|Armor class -3 earns one Special and its damaging defensive package earns one Exceptional award.
pentaceratops||11--12+|1300|16|1|charge and trample|1|0|none|0|correct XP/HP rate from 18 to 16 and add charge award|1300 + 18/hp|2000 + 16/hp|corrected|Use the 12-HD row and award one Special for charge and trample.
plateosaurus||7+1--8|375|10|0|none|0|0|none|0|none|375 + 10/hp|375 + 10/hp|confirmed|No qualifying abilities.
plesiosaurus||19--20+|4000|30|0|none|0|1|maximum damage 44 trebly in water|1|add prose-supported flipper attacks|4000 + 30/hp|6500 + 30/hp|corrected|In water its bite and two fore-flipper attacks total 44 maximum damage, exceeding the trebled threshold of 36; award one Exceptional and use level IX.
pteranodon||3+1--4|60|4|0|none|0|0|none|0|remove DMG's unsupported Special award|85 + 4/hp|60 + 4/hp|corrected|The MM lists no special attacks or defenses, and its ordinary flight and diving behavior provide no bonus damage, surprise, missile discharge, or other p. 85 Special.
stegosaurus||17--18+|3000|25|0|none|0|0|none|0|none|3000 + 25/hp|3000 + 25/hp|confirmed|No qualifying abilities.
styracosaurus||9+1--10+|900|14|1|charge and trample|1|1|spiked defensive retaliation|1|none|1950 + 14/hp|1950 + 14/hp|confirmed|Charge and trample earn one Special, while the multi-spike retaliation described as a special defense earns one Exceptional award.
teratosaurus||9+1--10+|900|14|0|none|0|0|none|0|none|900 + 14/hp|900 + 14/hp|confirmed|Its three-attack routine has a maximum of 24, below the trebled threshold of 36.
triceratops||15--16+|2400|20|1|charge and trample|1|0|none|0|reclassify DMG's Exceptional as Special|4000 + 20/hp|3650 + 20/hp|corrected|Charge and trample are an ordinary special attack, not an Exceptional ability; one Special award gives 3650 + 20/hp.
tyrannosaurus_rex||17--18+|3000|25|0|none|0|2|maximum damage 52 trebly; swallowing whole|2|replace DMG's 1S and 1E with two Exceptionals|6550 + 25/hp|7000 + 25/hp|corrected|Its three-attack routine exceeds the trebled damage threshold and swallowing whole is separately Exceptional.
displacer_beast||5+1--6|150|6|1|displacement gives opponents -2 to hit|1|2|saves as a 12th-level fighter; +2 saving-throw bonus|2|correct XP/HP rate from 8 to 6|475 + 8/hp|475 + 6/hp|corrected|The subtotal reverse-engineers as one Special and two Exceptional defensive awards; use the actual 6-HD row's 6 XP per hit point.
djinni||7+1--8|375|10|2|whirlwind; minor magic use|2|0|none|0|correct XP/HP rate from 5 to 10|725 + 5/hp|725 + 10/hp|corrected|Whirlwind and its largely minor, defensive spell-like powers earn two Specials; use the 7+1--8 row's 10 XP per hit point.
djinni_noble||9+1--10+|900|14|2|stronger whirlwind; minor magic use|2|0|none|0|derived MM subtype|group listing only|1800 + 14/hp|derived|Use the noble's stated 10 HD and the same two Special packages as an ordinary djinni; wishes are granted to its master and add no routine combat award.
dog_war||2+1--3|35|3|0|none|0|0|none|0|none|35 + 3/hp|35 + 3/hp|confirmed|No qualifying abilities.
dog_wild||1+1--2|20|2|0|none|0|0|none|0|none|20 + 2/hp|20 + 2/hp|confirmed|No qualifying abilities.
dolphin||2+1--3|35|3|2|very intelligence affecting combat; saves as a 4th-level fighter|2|0|none|0|none|65 + 3/hp|65 + 3/hp|confirmed|Combat-relevant intelligence and improved saving throws earn two Special awards.
swordfish||1+1--2|20|2|0|none|0|0|none|0|derived MM associate|not listed|20 + 2/hp|derived|No qualifying abilities.
narwhale||4+1--5|90|5|0|none|0|0|none|0|derived MM associate|not listed|90 + 5/hp|derived|Its single attack reaches exactly 24 maximum damage; the p. 85 threshold requires greater than 24, so it earns no Exceptional award.
doppleganger||3+1--4|60|4|3|mutable form; surprise; very intelligence affecting combat|3|3|ESP; immunity to sleep and charm; saves as a 10th-level fighter|3|none|330 + 4/hp|330 + 4/hp|confirmed|Three Special and three Exceptional awards reproduce the published subtotal and map to its listed attack, defense, and intelligence packages.
dragon_black_small||5+1--6|150|6|2|shared dragon fear and saving-throw defenses; representative minor magic package|2|2|breath weapon; representative attack and spell package|2|derived size summary|variables preclude fixed number|550 + 6/hp|derived|Use the approved representative 2S and 2E dragon package for the 6-HD size.
dragon_black_average||6+1--7|225|8|2|shared dragon fear and saving-throw defenses; representative minor magic package|2|2|breath weapon; representative attack and spell package|2|derived size summary|variables preclude fixed number|825 + 8/hp|derived|Use the approved representative 2S and 2E dragon package for the 7-HD size.
dragon_black_huge||7+1--8|375|10|2|shared dragon fear and saving-throw defenses; representative minor magic package|2|2|breath weapon; representative attack and spell package|2|derived size summary|variables preclude fixed number|1275 + 10/hp|derived|Use the approved representative 2S and 2E dragon package for the 8-HD size.
dragon_blue_small||7+1--8|375|10|2|shared dragon fear and saving-throw defenses; very intelligence package|2|2|breath weapon; representative attack and spell package|2|derived size summary|variables preclude fixed number|1275 + 10/hp|derived|Use the approved representative 2S and 2E dragon package for the 8-HD size.
dragon_blue_average||8+1--9|600|12|2|shared dragon fear and saving-throw defenses; very intelligence package|2|2|breath weapon; representative attack and spell package|2|derived size summary|variables preclude fixed number|2000 + 12/hp|derived|Use the approved representative 2S and 2E dragon package for the 9-HD size.
dragon_blue_huge||9+1--10+|900|14|2|shared dragon fear and saving-throw defenses; very intelligence package|2|2|breath weapon; representative attack and spell package|2|derived size summary|variables preclude fixed number|3000 + 14/hp|derived|Use the approved representative 2S and 2E dragon package for the 10-HD size.
dragon_brass_small||5+1--6|150|6|3|shared dragon fear and saving-throw defenses; high intelligence; minor magic package|3|2|breath weapon; representative attack and spell package|2|derived size summary|variables preclude fixed number|625 + 6/hp|derived|Use the approved representative 3S and 2E dragon package for the 6-HD size.
dragon_brass_average||6+1--7|225|8|3|shared dragon fear and saving-throw defenses; high intelligence; minor magic package|3|2|breath weapon; representative attack and spell package|2|derived size summary|variables preclude fixed number|950 + 8/hp|derived|Use the approved representative 3S and 2E dragon package for the 7-HD size.
dragon_brass_huge||7+1--8|375|10|3|shared dragon fear and saving-throw defenses; high intelligence; minor magic package|3|2|breath weapon; representative attack and spell package|2|derived size summary|variables preclude fixed number|1450 + 10/hp|derived|Use the approved representative 3S and 2E dragon package for the 8-HD size.
dragon_bronze_small||7+1--8|375|10|4|armor class 0; shared dragon fear and saving-throw defenses; exceptional intelligence; minor magic package|4|2|breath weapon; representative attack and spell package|2|derived size summary|variables preclude fixed number|1625 + 10/hp|derived|Use the approved representative 4S and 2E dragon package for the 8-HD size.
dragon_bronze_average||8+1--9|600|12|4|armor class 0; shared dragon fear and saving-throw defenses; exceptional intelligence; minor magic package|4|2|breath weapon; representative attack and spell package|2|derived size summary|variables preclude fixed number|2600 + 12/hp|derived|Use the approved representative 4S and 2E dragon package for the 9-HD size.
dragon_bronze_huge||9+1--10+|900|14|4|armor class 0; shared dragon fear and saving-throw defenses; exceptional intelligence; minor magic package|4|2|breath weapon; representative attack and spell package|2|derived size summary|variables preclude fixed number|3900 + 14/hp|derived|Use the approved representative 4S and 2E dragon package for the 10-HD size.
dragon_chromatic||15--16+|2400|20|0|unresolved extraordinary packages|0|0|unresolved extraordinary packages|0|fixed 128 hp; restore MM's combined HD and hp notation; preserve approved published fixed-total formula|63580 fixed|61020 + 20/hp|override|The MM explicitly gives 16 HD and 128 hit points. Preserve the approved 61020 + 20/hp formula, which reproduces the DMG's fixed 63580 total but cannot be decomposed into whole 15--16+ Special and Exceptional awards.
dragon_copper_small||6+1--7|225|8|3|shared dragon fear and saving-throw defenses; high intelligence; minor magic package|3|2|breath weapon; representative attack and spell package|2|derived size summary|variables preclude fixed number|950 + 8/hp|derived|Use the approved representative 3S and 2E dragon package for the 7-HD size.
dragon_copper_average||7+1--8|375|10|3|shared dragon fear and saving-throw defenses; high intelligence; minor magic package|3|2|breath weapon; representative attack and spell package|2|derived size summary|variables preclude fixed number|1450 + 10/hp|derived|Use the approved representative 3S and 2E dragon package for the 8-HD size.
dragon_copper_huge||8+1--9|600|12|3|shared dragon fear and saving-throw defenses; high intelligence; minor magic package|3|2|breath weapon; representative attack and spell package|2|derived size summary|variables preclude fixed number|2300 + 12/hp|derived|Use the approved representative 3S and 2E dragon package for the 9-HD size.
dragon_gold_small||9+1--10+|900|14|4|armor class -2; shared dragon fear and saving-throw defenses; genius intelligence; polymorph and minor magic package|4|3|breath weapon; major spell use; maximum damage package|3|damage corrected to 6--36|variables preclude fixed number|4500 + 14/hp|derived|Use the approved representative 4S and 3E dragon package for the 10-HD size and the MM's 6--36 bite damage.
dragon_gold_average||11--12+|1300|16|4|armor class -2; shared dragon fear and saving-throw defenses; genius intelligence; polymorph and minor magic package|4|3|breath weapon; major spell use; maximum damage package|3|damage corrected to 6--36|variables preclude fixed number|6650 + 16/hp|derived|Use the approved representative 4S and 3E dragon package for the 11-HD size and the MM's 6--36 bite damage.
dragon_gold_huge||11--12+|1300|16|4|armor class -2; shared dragon fear and saving-throw defenses; genius intelligence; polymorph and minor magic package|4|3|breath weapon; major spell use; maximum damage package|3|damage corrected to 6--36|variables preclude fixed number|6650 + 16/hp|derived|Use the approved representative 4S and 3E dragon package for the 12-HD size and the MM's 6--36 bite damage.
dragon_green_small||6+1--7|225|8|2|shared dragon fear and saving-throw defenses; representative minor magic package|2|2|breath weapon; representative attack and spell package|2|derived size summary|variables preclude fixed number|825 + 8/hp|derived|Use the approved representative 2S and 2E dragon package for the 7-HD size.
dragon_green_average||7+1--8|375|10|2|shared dragon fear and saving-throw defenses; representative minor magic package|2|2|breath weapon; representative attack and spell package|2|derived size summary|variables preclude fixed number|1275 + 10/hp|derived|Use the approved representative 2S and 2E dragon package for the 8-HD size.
dragon_green_huge||8+1--9|600|12|2|shared dragon fear and saving-throw defenses; representative minor magic package|2|2|breath weapon; representative attack and spell package|2|derived size summary|variables preclude fixed number|2000 + 12/hp|derived|Use the approved representative 2S and 2E dragon package for the 9-HD size.
dragon_platinum||21+|5000|35|2|armor class -3; supra-genius combat intelligence|2|7|three breath weapons; spell use; shapechanging; astral and ethereal travel; extraordinary damage and saving penalties|14|fixed 168 hp; extraordinary ability packages; restore MM's combined HD and hp notation|58080 fixed|52200 + 35/hp|corrected|The MM explicitly gives 21 HD and 168 hit points. Two Special and fourteen Exceptional award units reproduce the published fixed total while reflecting the extraordinary breath, magic, travel, and transformation packages.
dragon_red_small||8+1--9|600|12|4|armor class -1; shared dragon fear and saving-throw defenses; exceptional intelligence; minor magic package|4|3|breath weapon; major spell use; maximum damage package|3|derived size summary|variables preclude fixed number|3000 + 12/hp|derived|Use the approved representative 4S and 3E dragon package for the 9-HD size.
dragon_red_average||9+1--10+|900|14|4|armor class -1; shared dragon fear and saving-throw defenses; exceptional intelligence; minor magic package|4|3|breath weapon; major spell use; maximum damage package|3|derived size summary|variables preclude fixed number|4500 + 14/hp|derived|Use the approved representative 4S and 3E dragon package for the 10-HD size.
dragon_red_huge||11--12+|1300|16|4|armor class -1; shared dragon fear and saving-throw defenses; exceptional intelligence; minor magic package|4|3|breath weapon; major spell use; maximum damage package|3|derived size summary|variables preclude fixed number|6650 + 16/hp|derived|Use the approved representative 4S and 3E dragon package for the 11-HD size.
dragon_silver_small||8+1--9|600|12|4|armor class -1; shared dragon fear and saving-throw defenses; exceptional intelligence; polymorph and minor magic package|4|3|breath weapon; major spell use; maximum damage package|3|derived size summary|variables preclude fixed number|3000 + 12/hp|derived|Use the approved representative 4S and 3E dragon package for the 9-HD size.
dragon_silver_average||9+1--10+|900|14|4|armor class -1; shared dragon fear and saving-throw defenses; exceptional intelligence; polymorph and minor magic package|4|3|breath weapon; major spell use; maximum damage package|3|derived size summary|variables preclude fixed number|4500 + 14/hp|derived|Use the approved representative 4S and 3E dragon package for the 10-HD size.
dragon_silver_huge||11--12+|1300|16|4|armor class -1; shared dragon fear and saving-throw defenses; exceptional intelligence; polymorph and minor magic package|4|3|breath weapon; major spell use; maximum damage package|3|derived size summary|variables preclude fixed number|6650 + 16/hp|derived|Use the approved representative 4S and 3E dragon package for the 11-HD size.
dragon_white_small||4+1--5|90|5|2|shared dragon fear and saving-throw defenses; representative minor magic package|2|2|breath weapon; representative attack and spell package|2|derived size summary|variables preclude fixed number|320 + 5/hp|derived|Use the approved representative 2S and 2E dragon package for the 5-HD size.
dragon_white_average||5+1--6|150|6|2|shared dragon fear and saving-throw defenses; representative minor magic package|2|2|breath weapon; representative attack and spell package|2|derived size summary|variables preclude fixed number|550 + 6/hp|derived|Use the approved representative 2S and 2E dragon package for the 6-HD size.
dragon_white_huge||6+1--7|225|8|2|shared dragon fear and saving-throw defenses; representative minor magic package|2|2|breath weapon; representative attack and spell package|2|derived size summary|variables preclude fixed number|825 + 8/hp|derived|Use the approved representative 2S and 2E dragon package for the 7-HD size.
dragonne||8+1--9|600|12|0|none|0|2|roar causes weakness; roar causes deafness|2|correct XP/HP rate from 14 to 12|1400 + 14/hp|1400 + 12/hp|corrected|Two Exceptional roar effects reproduce the subtotal; use the actual 9-HD row's 12 XP per hit point.
dragon_turtle_small||11--12+|1300|16|2|armor class 0; very intelligence affecting combat|2|3|breath weapon; capsizing ships; maximum damage 56 trebly|3|derived 12-HD form|group listing 7300 + 18/hp|5250 + 16/hp|derived|Use the 12-HD row with the shared 2S and 3E dragon-turtle package.
dragon_turtle_average||13--14+|1800|18|2|armor class 0; very intelligence affecting combat|2|3|breath weapon; capsizing ships; maximum damage 56 trebly|3|derived 13-HD form|7300 + 18/hp|7300 + 18/hp|confirmed|Two Special and three Exceptional awards reproduce the published group subtotal.
dragon_turtle_huge||13--14+|1800|18|2|armor class 0; very intelligence affecting combat|2|3|breath weapon; capsizing ships; maximum damage 56 trebly|3|derived 14-HD form|7300 + 18/hp|7300 + 18/hp|derived|Use the same row and ability package as the 13-HD form.
dryad||1+1--2|20|2|1|minor defensive magic|1|1|charm|1|DMG 105 does not fit the MM's 2 HD|105 + 3/hp|73 + 2/hp|corrected|Use the literal 2-HD row. One Special and one Exceptional award give 73 + 2/hp; the DMG's 105 uses the next row.
dwarf||1-1--1|10|1|1|improved saving throws|1|0|none|0|none|14 + 1/hp|14 + 1/hp|confirmed|The material saving-throw bonus earns one Special; racial attack and defense modifiers are part of ordinary combat balance.
dwarf_mountain||1+1--2|20|2|1|improved saving throws|1|0|none|0|same ability package as ordinary dwarf|28 + 2/hp|28 + 2/hp|confirmed|Only the HD row differs from the ordinary dwarf; the saving-throw bonus earns the same one Special award.
eagle_giant||3+1--4|60|4|1|reviewed Special portion of MM package: Diving (+4 to hit, 2\x2--12); Eyesight|1|1|reviewed Exceptional portion of MM package: Diving (+4 to hit, 2\x2--12); Eyesight|1|none|150+4/hp|150+4/hp|confirmed|Diving is Special; the extraordinary eyesight package supplies the Exceptional award.
ear_seeker||up to 1-1|5|1|0|none|0|1|reviewed Exceptional portion of MM package: S (about \sfrac{1}{8}" long)|1|none|30+1/hp|30+1/hp|confirmed|The lethal infestation is Exceptional; use the literal sub-1-HD row rather than Appendix E nil XP.
eel_electric||1+1--2|20|2|0|none|0|1|reviewed Exceptional portion of MM package: Jolt (1, 2, or 3D8)|1|none|65+2/hp|65+2/hp|confirmed|The variable electrical jolt is Exceptional.
eel_giant||4+1--5|90|5|0|none|0|0|none|0|none|90+5/hp|90+5/hp|confirmed|Use the literal 5-HD base value; the published Giant and Weed values were crossed.
eel_weed||1-1--1|10|1|1|reviewed Special portion of MM package: Poison; Camouflage|1|1|reviewed Exceptional portion of MM package: Poison; Camouflage|1|none|49+1/hp|49+1/hp|confirmed|Camouflage is Special and poison is Exceptional; 1-1 HD belongs to the 1-1-to-1 row.
efreeti||9+1--10+|900|14|1|reviewed Special portion of MM package: Magic use; Resist fire damage|1|1|reviewed Exceptional portion of MM package: Magic use; Resist fire damage|1|none|1950+14/hp|1950+14/hp|confirmed|Fire resistance is Special and spell use is Exceptional.
elemental_air||11--12+|1300|16|1|reviewed Special portion of MM package: Whirlwind; Hit only by +2 weapons|1|1|reviewed Exceptional portion of MM package: Whirlwind; Hit only by +2 weapons|1|none|2850+16/hp|2850+16/hp|confirmed|One elemental combat feature is Special and +2-weapon immunity is Exceptional; generic rows use the 12-HD middle form.
elemental_air_8hd|elemental_air|7+1--8|375|10|1|reviewed Special portion of MM package: Whirlwind; Hit only by +2 weapons|1|1|reviewed Exceptional portion of MM package: Whirlwind; Hit only by +2 weapons|1|none|not separately listed|825+10/hp|derived/alias|One elemental combat feature is Special and +2-weapon immunity is Exceptional; generic rows use the 12-HD middle form.
elemental_air_12hd|elemental_air|11--12+|1300|16|1|reviewed Special portion of MM package: Whirlwind; Hit only by +2 weapons|1|1|reviewed Exceptional portion of MM package: Whirlwind; Hit only by +2 weapons|1|none|not separately listed|2850+16/hp|derived/alias|One elemental combat feature is Special and +2-weapon immunity is Exceptional; generic rows use the 12-HD middle form.
elemental_air_16hd|elemental_air|15--16+|2400|20|1|reviewed Special portion of MM package: Whirlwind; Hit only by +2 weapons|1|1|reviewed Exceptional portion of MM package: Whirlwind; Hit only by +2 weapons|1|none|not separately listed|5250+20/hp|derived/alias|One elemental combat feature is Special and +2-weapon immunity is Exceptional; generic rows use the 12-HD middle form.
elemental_earth||11--12+|1300|16|1|reviewed Special portion of MM package: Full damage on land; Hit only by +2 weapons|1|1|reviewed Exceptional portion of MM package: Full damage on land; Hit only by +2 weapons|1|none|2850+16/hp|2850+16/hp|confirmed|One elemental combat feature is Special and +2-weapon immunity is Exceptional; generic rows use the 12-HD middle form.
elemental_earth_8hd|elemental_earth|7+1--8|375|10|1|reviewed Special portion of MM package: Full damage on land; Hit only by +2 weapons|1|1|reviewed Exceptional portion of MM package: Full damage on land; Hit only by +2 weapons|1|none|not separately listed|825+10/hp|derived/alias|One elemental combat feature is Special and +2-weapon immunity is Exceptional; generic rows use the 12-HD middle form.
elemental_earth_12hd|elemental_earth|11--12+|1300|16|1|reviewed Special portion of MM package: Full damage on land; Hit only by +2 weapons|1|1|reviewed Exceptional portion of MM package: Full damage on land; Hit only by +2 weapons|1|none|not separately listed|2850+16/hp|derived/alias|One elemental combat feature is Special and +2-weapon immunity is Exceptional; generic rows use the 12-HD middle form.
elemental_earth_16hd|elemental_earth|15--16+|2400|20|1|reviewed Special portion of MM package: Full damage on land; Hit only by +2 weapons|1|1|reviewed Exceptional portion of MM package: Full damage on land; Hit only by +2 weapons|1|none|not separately listed|5250+20/hp|derived/alias|One elemental combat feature is Special and +2-weapon immunity is Exceptional; generic rows use the 12-HD middle form.
elemental_fire||11--12+|1300|16|1|reviewed Special portion of MM package: Burn inflammables; Hit only by +2 weapons|1|1|reviewed Exceptional portion of MM package: Burn inflammables; Hit only by +2 weapons|1|none|2850+16/hp|2850+16/hp|confirmed|One elemental combat feature is Special and +2-weapon immunity is Exceptional; generic rows use the 12-HD middle form.
elemental_fire_8hd|elemental_fire|7+1--8|375|10|1|reviewed Special portion of MM package: Burn inflammables; Hit only by +2 weapons|1|1|reviewed Exceptional portion of MM package: Burn inflammables; Hit only by +2 weapons|1|none|not separately listed|825+10/hp|derived/alias|One elemental combat feature is Special and +2-weapon immunity is Exceptional; generic rows use the 12-HD middle form.
elemental_fire_12hd|elemental_fire|11--12+|1300|16|1|reviewed Special portion of MM package: Burn inflammables; Hit only by +2 weapons|1|1|reviewed Exceptional portion of MM package: Burn inflammables; Hit only by +2 weapons|1|none|not separately listed|2850+16/hp|derived/alias|One elemental combat feature is Special and +2-weapon immunity is Exceptional; generic rows use the 12-HD middle form.
elemental_fire_16hd|elemental_fire|15--16+|2400|20|1|reviewed Special portion of MM package: Burn inflammables; Hit only by +2 weapons|1|1|reviewed Exceptional portion of MM package: Burn inflammables; Hit only by +2 weapons|1|none|not separately listed|5250+20/hp|derived/alias|One elemental combat feature is Special and +2-weapon immunity is Exceptional; generic rows use the 12-HD middle form.
elemental_water||11--12+|1300|16|1|reviewed Special portion of MM package: Affect seacraft; Hit only by +2 weapons|1|1|reviewed Exceptional portion of MM package: Affect seacraft; Hit only by +2 weapons|1|none|2850+16/hp|2850+16/hp|confirmed|One elemental combat feature is Special and +2-weapon immunity is Exceptional; generic rows use the 12-HD middle form.
elemental_water_8hd|elemental_water|7+1--8|375|10|1|reviewed Special portion of MM package: Affect seacraft; Hit only by +2 weapons|1|1|reviewed Exceptional portion of MM package: Affect seacraft; Hit only by +2 weapons|1|none|not separately listed|825+10/hp|derived/alias|One elemental combat feature is Special and +2-weapon immunity is Exceptional; generic rows use the 12-HD middle form.
elemental_water_12hd|elemental_water|11--12+|1300|16|1|reviewed Special portion of MM package: Affect seacraft; Hit only by +2 weapons|1|1|reviewed Exceptional portion of MM package: Affect seacraft; Hit only by +2 weapons|1|none|not separately listed|2850+16/hp|derived/alias|One elemental combat feature is Special and +2-weapon immunity is Exceptional; generic rows use the 12-HD middle form.
elemental_water_16hd|elemental_water|15--16+|2400|20|1|reviewed Special portion of MM package: Affect seacraft; Hit only by +2 weapons|1|1|reviewed Exceptional portion of MM package: Affect seacraft; Hit only by +2 weapons|1|none|not separately listed|5250+20/hp|derived/alias|One elemental combat feature is Special and +2-weapon immunity is Exceptional; generic rows use the 12-HD middle form.
elephant||9+1--10+|900|14|0|none|0|1|reviewed Exceptional portion of MM package: L (9'+ tall)|1|none|1500+14/hp|1500+14/hp|confirmed|Maximum routine damage earns one Exceptional award; Loxodont is retained as an alias.
elephant_asiatic||9+1--10+|900|14|0|none|0|1|reviewed Exceptional portion of MM package: L (9'+ tall)|1|none|1500+14/hp|1500+14/hp|confirmed|Maximum routine damage earns one Exceptional award; Loxodont is retained as an alias.
elephant_african||11--12+|1300|16|0|none|0|1|reviewed Exceptional portion of MM package: L (11'+ tall)|1|none|2150+16/hp|2150+16/hp|confirmed|Maximum routine damage earns one Exceptional award; Loxodont is retained as an alias.
loxodont|elephant_african|11--12+|1300|16|0|none|0|1|reviewed Exceptional portion of MM package: L (11'+ tall)|1|none|not separately listed|2150+16/hp|derived/alias|Maximum routine damage earns one Exceptional award; Loxodont is retained as an alias.
elf||1+1--2|20|2|3|reviewed Special portion of MM package: +1 to hit with bow or sword, surprise \sfrac{2}{3}; 90\% resistance to charm and sleep|3|0|none|0|none|44+2/hp|44+2/hp|confirmed|Bow/sword accuracy, improved surprise, and charm/sleep resistance are three Special awards.
ettin||9+1--10+|900|14|1|reviewed Special portion of MM package: Surprised only on a 1|1|1|reviewed Exceptional portion of MM package: Surprised only on a 1|1|none|1950+14/hp|1950+14/hp|confirmed|All-around awareness is Special; maximum routine damage over 30 doubly is Exceptional.
eye_floating||up to 1-1|5|1|0|none|0|1|reviewed Exceptional portion of MM package: Hypnotism|1|none|30+1/hp|30+1/hp|confirmed|Hypnosis is Exceptional.
eye_of_the_deep||11--12+|1300|16|1|reviewed Special portion of MM package: Stunning, magic use|1|2|reviewed Exceptional portion of MM package: Stunning, magic use|2|none|3700+16/hp|3700+16/hp|confirmed|The reviewed package uses one Special plus Exceptional awards for stunning and spell use.
eye_of_the_deep_10hd||9+1--10+|900|14|1|reviewed Special portion of MM package: Stunning, magic use|1|2|reviewed Exceptional portion of MM package: Stunning, magic use|2|none|2550+14/hp|2550+14/hp|confirmed|The reviewed package uses one Special plus Exceptional awards for stunning and spell use.
eye_of_the_deep_11hd||11--12+|1300|16|1|reviewed Special portion of MM package: Stunning, magic use|1|2|reviewed Exceptional portion of MM package: Stunning, magic use|2|none|3700+16/hp|3700+16/hp|confirmed|The reviewed package uses one Special plus Exceptional awards for stunning and spell use.
eye_of_the_deep_12hd||11--12+|1300|16|1|reviewed Special portion of MM package: Stunning, magic use|1|2|reviewed Exceptional portion of MM package: Stunning, magic use|2|none|3700+16/hp|3700+16/hp|confirmed|The reviewed package uses one Special plus Exceptional awards for stunning and spell use.
flightless_bird||1+1--2|20|2|0|none|0|0|none|0|none|20+2/hp|20+2/hp|confirmed|Use the literal HD base value; the generic row represents the middle 2-HD form.
flightless_bird_1hd|flightless_bird|1-1--1|10|1|0|none|0|0|none|0|none|not separately listed|10+1/hp|derived/alias|Use the literal HD base value; the generic row represents the middle 2-HD form.
flightless_bird_2hd|flightless_bird|1+1--2|20|2|0|none|0|0|none|0|none|not separately listed|20+2/hp|derived/alias|Use the literal HD base value; the generic row represents the middle 2-HD form.
flightless_bird_3hd|flightless_bird|2+1--3|35|3|0|none|0|0|none|0|none|not separately listed|35+3/hp|derived/alias|Use the literal HD base value; the generic row represents the middle 2-HD form.
ostrich|flightless_bird_3hd|2+1--3|35|3|0|none|0|0|none|0|none|not separately listed|35+3/hp|derived/alias|Use the literal HD base value; the generic row represents the middle 2-HD form.
emu|flightless_bird_2hd|1+1--2|20|2|0|none|0|0|none|0|none|not separately listed|20+2/hp|derived/alias|Use the literal HD base value; the generic row represents the middle 2-HD form.
rhea|flightless_bird_1hd|1-1--1|10|1|0|none|0|0|none|0|none|not separately listed|10+1/hp|derived/alias|Use the literal HD base value; the generic row represents the middle 2-HD form.
fungus_violet||2+1--3|35|3|1|reviewed Special portion of MM package: Rotting poison|1|1|reviewed Exceptional portion of MM package: Rotting poison|1|none|105+3/hp|105+3/hp|confirmed|Multiple attacks are Special and the rotting effect is Exceptional.
frog_giant||1+1--2|20|2|0|none|0|1|reviewed Exceptional portion of MM package: Surprise on 1--4; Tongue attack +4 to pull opponent in and do max damage|1|none|65+2/hp|65+2/hp|confirmed|Surprise and tongue are treated as one combined Exceptional package; variants use their literal HD rows.
frog_giant_1hd|frog_giant|1-1--1|10|1|0|none|0|1|reviewed Exceptional portion of MM package: Surprise on 1--4; Tongue attack +4 to pull opponent in and do max damage|1|none|not separately listed|45+1/hp|derived/alias|Surprise and tongue are treated as one combined Exceptional package; variants use their literal HD rows.
frog_giant_2hd|frog_giant|1+1--2|20|2|0|none|0|1|reviewed Exceptional portion of MM package: Surprise on 1--4; Tongue attack +4 to pull opponent in and do max damage|1|none|not separately listed|65+2/hp|derived/alias|Surprise and tongue are treated as one combined Exceptional package; variants use their literal HD rows.
frog_giant_3hd|frog_giant|2+1--3|35|3|0|none|0|1|reviewed Exceptional portion of MM package: Surprise on 1--4; Tongue attack +4 to pull opponent in and do max damage|1|none|not separately listed|90+3/hp|derived/alias|Surprise and tongue are treated as one combined Exceptional package; variants use their literal HD rows.
frog_killer||1+1--2|20|2|2|reviewed Special portion of MM package: Surprise on 1--4; jump|2|0|none|0|none|36+2/hp|36+2/hp|confirmed|Improved surprise and the leaping attack are two Special awards.
frog_poisonous||1-1--1|10|1|0|none|0|1|reviewed Exceptional portion of MM package: Poison (\+4 on save)|1|none|45+1/hp|45+1/hp|confirmed|Even the weak poison earns one Exceptional award.
gar_giant||7+1--8|375|10|0|none|0|1|reviewed Exceptional portion of MM package: Swallow whole|1|none|650+10/hp|650+10/hp|confirmed|Swallowing whole is Exceptional.
gargoyle||4+1--5|90|5|2|reviewed Special portion of MM package: +1 or better weapon to hit|2|0|none|0|none|170+5/hp|170+5/hp|confirmed|Four attacks and magic-weapon immunity are the DMG page 85 double-Special example.
gas_spore||up to 1-1|5|1|1|reviewed Special portion of MM package: Touch causes infestation; Explodes for 6--36 when struck|1|1|reviewed Exceptional portion of MM package: Touch causes infestation; Explodes for 6--36 when struck|1|none|33|33|confirmed|Infestation and the explosive defense reproduce the fixed 33-XP award on the sub-1-HD row.
gelatinous_cube||3+1--4|60|4|1|reviewed Special portion of MM package: Paralyzation, surprise on 1--3; Immune to electricity, fear, hold, paralyzation, polymorph and sleep|1|1|reviewed Exceptional portion of MM package: Paralyzation, surprise on 1--3; Immune to electricity, fear, hold, paralyzation, polymorph and sleep|1|none|150+4/hp|150+4/hp|confirmed|Surprise is Special; paralysis and broad immunities form the Exceptional package.
ghast||3+1--4|60|4|0|none|0|2|reviewed Exceptional portion of MM package: Nausea, paralyzation; Immune to sleep and charm|2|none|190+4/hp|190+4/hp|confirmed|Nausea/paralysis and undead immunities receive two Exceptional awards.
ghost||9+1--10+|900|14|3|reviewed Special portion of MM package: Age 10 years and panic, age 10--40 years per touch, magic jar; Ethereal versus weapons and spells; silver does half damage|3|3|reviewed Exceptional portion of MM package: Age 10 years and panic, age 10--40 years per touch, magic jar; Ethereal versus weapons and spells; silver does half damage|3|none|4050+14/hp|4050+14/hp|confirmed|The age/panic, magic jar, and ethereal/weapon-defense package is represented by three Special and three Exceptional awards.
ghoul||1+1--2|20|2|0|none|0|1|reviewed Exceptional portion of MM package: Paralyzation; Immune to sleep and charm|1|none|65+2/hp|65+2/hp|confirmed|Paralysis and undead immunities are one Exceptional package.
giant_cloud||11--12+|1300|16|3|reviewed Special portion of MM package: Hurl rocks (2--24); Surprised only on 1|3|1|reviewed Exceptional portion of MM package: Hurl rocks (2--24); Surprised only on 1|1|none|4250+16/hp|4250+16/hp|confirmed|Rock hurling, limited surprise, and combat intelligence are Special; maximum damage is Exceptional.
giant_fire||11--12+|1300|16|2|reviewed Special portion of MM package: Hurl rocks (2--20); Impervious to fire|2|0|none|0|none|2700+16/hp|2700+16/hp|confirmed|Rock hurling and fire immunity are Special.
giant_frost||9+1--10+|900|14|3|reviewed Special portion of MM package: Hurl rocks (2--20); Impervious to cold|3|0|none|0|none|2250+14/hp|2250+14/hp|confirmed|Rock hurling, cold immunity, and the remaining combat edge reproduce three Specials.
giant_hill||8+1--9|600|12|2|reviewed Special portion of MM package: Hurl rocks (2--16); Catch similar missiles 30\%|2|0|none|0|none|1200+12/hp|1200+12/hp|confirmed|Rock hurling and missile catching are Special.
giant_stone||9+1--10+|900|14|2|reviewed Special portion of MM package: Hurl rocks (3--30); Camouflage, catch similar missiles 90\%|2|0|none|0|none|1800+14/hp|1800+14/hp|confirmed|Rock hurling and camouflage/missile catching are two Special awards.
giant_storm||15--16+|2400|20|1|reviewed Special portion of MM package: Magic use; Impervious to electricity|1|2|reviewed Exceptional portion of MM package: Magic use; Impervious to electricity|2|none|6850+20/hp|6850+20/hp|confirmed|Electricity immunity is Special; spell use and maximum damage are Exceptional; no rock-hurling award.
gnoll||1+1--2|20|2|1|reviewed Special portion of MM package: L (7'+ tall)|1|0|none|0|none|28+2/hp|28+2/hp|confirmed|Retain one Special for the gnoll combat package; fixed-hp leaders remain on the same 2-HD row.
gnoll_leader|gnoll|1+1--2|20|2|1|reviewed Special portion of MM package: L (7'+ tall)|1|0|none|0|none|not separately listed|28+2/hp|derived/alias|Retain one Special for the gnoll combat package; fixed-hp leaders remain on the same 2-HD row.
gnoll_chieftain|gnoll|1+1--2|20|2|1|reviewed Special portion of MM package: L (7'+ tall)|1|0|none|0|none|not separately listed|28+2/hp|derived/alias|Retain one Special for the gnoll combat package; fixed-hp leaders remain on the same 2-HD row.
gnoll_guard|gnoll|1+1--2|20|2|1|reviewed Special portion of MM package: L (7'+ tall)|1|0|none|0|none|not separately listed|28+2/hp|derived/alias|Retain one Special for the gnoll combat package; fixed-hp leaders remain on the same 2-HD row.
gnome||1-1--1|10|1|3|reviewed Special portion of MM package: +1 against kobolds, goblins; Gnolls, bugbears, ogres, trolls giants -4 to hit; save magic\?poison at 4 levels higher|3|0|none|0|none|22+1/hp|22+1/hp|confirmed|Racial accuracy, giant-class defense, and enhanced saves are three Specials.
goat_giant||3+1--4|60|4|1|reviewed Special portion of MM package: Charge (+4 to hit, 6--20)|1|0|none|0|none|85+4/hp|85+4/hp|confirmed|The charge is Special.
goblin||1-1--1|10|1|0|none|0|0|none|0|none|10+1/hp|10+1/hp|confirmed|Use the literal HD row; rank-and-file combat traits do not add XP awards.
goblin_leader|goblin|1-1--1|10|1|0|none|0|0|none|0|none|not separately listed|10+1/hp|derived/alias|Use the literal HD row; rank-and-file combat traits do not add XP awards.
goblin_assistant|goblin|1-1--1|10|1|0|none|0|0|none|0|none|not separately listed|10+1/hp|derived/alias|Use the literal HD row; rank-and-file combat traits do not add XP awards.
goblin_subchief|goblin|1+1--2|20|2|0|none|0|0|none|0|none|not separately listed|20+2/hp|derived/alias|Use the literal HD row; rank-and-file combat traits do not add XP awards.
goblin_guard|goblin|1+1--2|20|2|0|none|0|0|none|0|none|not separately listed|20+2/hp|derived/alias|Use the literal HD row; rank-and-file combat traits do not add XP awards.
goblin_bodyguard|goblin|1+1--2|20|2|0|none|0|0|none|0|none|not separately listed|20+2/hp|derived/alias|Use the literal HD row; rank-and-file combat traits do not add XP awards.
goblin_chief|goblin|1+1--2|20|2|0|none|0|0|none|0|none|not separately listed|20+2/hp|derived/alias|Use the literal HD row; rank-and-file combat traits do not add XP awards.
golem_clay||11--12+|1300|16|2|reviewed Special portion of MM package: Haste; Blunt magic weapons to hit, immune to most spells|2|2|reviewed Exceptional portion of MM package: Haste; Blunt magic weapons to hit, immune to most spells|2|none|5200|5200|confirmed|MM explicitly equates 50 hp to 11 HD; two Special and two Exceptional awards plus 50×16 give the fixed total.
golem_flesh||8+1--9|600|12|3|reviewed Special portion of MM package: Magic weapons to hit, immune to most spells|3|1|reviewed Exceptional portion of MM package: Magic weapons to hit, immune to most spells|1|none|2380|2380|confirmed|MM explicitly equates 40 hp to 9 HD; three Special and one Exceptional award plus 40×12 give the fixed total.
golem_iron||17--18+|3000|25|1|reviewed Special portion of MM package: Poison gas; +3 or better weapon to hit, immune to most spells|1|4|reviewed Exceptional portion of MM package: Poison gas; +3 or better weapon to hit, immune to most spells|4|none|14550 fixed|14550|confirmed|MM explicitly equates 80 hp to 18 HD. One Special, four Exceptional awards, and 80 x 25 hp XP reproduce the fixed total using the table's 1550-point Special bonus.
golem_stone||13--14+|1800|18|3|reviewed Special portion of MM package: Slow spell; +2 or better weapon to hit, immune to most spells|3|1|reviewed Exceptional portion of MM package: Slow spell; +2 or better weapon to hit, immune to most spells|1|none|8950 fixed|6930|corrected/override|MM explicitly equates 60 hp to 14 HD; use that row rather than reverse-engineering the published total as 15 HD.
gorgon||7+1--8|375|10|0|none|0|5|reviewed Exceptional portion of MM package: Breath turns to stone|5|none|1750+10/hp|1750+10/hp|confirmed|The petrifying breath receives x5 Exceptional weighting.
gray_ooze||3+1--4|60|4|3|reviewed Special portion of MM package: Corrosive properties, possible psionics; Immune to most spells|3|1|reviewed Exceptional portion of MM package: Corrosive properties, possible psionics; Immune to most spells|1|none|200+4/hp|200+4/hp|confirmed|Corrosion, possible psionics, and spell immunity reproduce three Specials and one Exceptional.
green_slime||1+1--2|20|2|2|reviewed Special portion of MM package: Infects flesh, corrodes wood and metal; Immune to most weapons and spells|20|2|reviewed Exceptional portion of MM package: Infects flesh, corrodes wood and metal; Immune to most weapons and spells|10|none|630+2/hp|630+2/hp|confirmed|Underlying 2S+2E; extraordinary danger weights Specials x10 and Exceptionals x5, for effective 20S+10E.
griffon||6+1--7|225|8|0|none|0|0|none|0|none|225+8/hp|225+8/hp|confirmed|Use the literal 7-HD base value.
groaning_spirit||6+1--7|225|8|4|reviewed Special portion of MM package: Death groan, fear; +1 or better weapon to hit, immune to charm, sleep, hold, cold and electricity|4|5|reviewed Exceptional portion of MM package: Death groan, fear; +1 or better weapon to hit, immune to charm, sleep, hold, cold and electricity|5|none|1600+8/hp|1600+8/hp|confirmed|Death, fear, weapon immunity, spell immunities, and magic resistance reproduce the published subtotal.
harpy||2+1--3|35|3|0|none|0|2|reviewed Exceptional portion of MM package: Singing, charm|2|none|145+3/hp|145+3/hp|confirmed|Singing and charm are two Exceptional awards.
hell_hound||4+1--5|90|5|4|reviewed Special portion of MM package: Breathe fire (1 hp per HD), surprise on 1--4; Surprised only on 1, detect hidden/invisible 50\%|4|0|none|0|none|250+5/hp|250+5/hp|confirmed|Breath, improved surprise, limited surprise, and detection are four Specials; variants use literal HD rows.
hell_hound_4hd|hell_hound|3+1--4|60|4|4|reviewed Special portion of MM package: Breathe fire (1 hp per HD), surprise on 1--4; Surprised only on 1, detect hidden/invisible 50\%|4|0|none|0|none|not separately listed|160+4/hp|derived/alias|Breath, improved surprise, limited surprise, and detection are four Specials; variants use literal HD rows.
hell_hound_5hd|hell_hound|4+1--5|90|5|4|reviewed Special portion of MM package: Breathe fire (1 hp per HD), surprise on 1--4; Surprised only on 1, detect hidden/invisible 50\%|4|0|none|0|none|not separately listed|250+5/hp|derived/alias|Breath, improved surprise, limited surprise, and detection are four Specials; variants use literal HD rows.
hell_hound_6hd|hell_hound|5+1--6|150|6|4|reviewed Special portion of MM package: Breathe fire (1 hp per HD), surprise on 1--4; Surprised only on 1, detect hidden/invisible 50\%|4|0|none|0|none|not separately listed|450+6/hp|derived/alias|Breath, improved surprise, limited surprise, and detection are four Specials; variants use literal HD rows.
hell_hound_7hd|hell_hound|6+1--7|225|8|4|reviewed Special portion of MM package: Breathe fire (1 hp per HD), surprise on 1--4; Surprised only on 1, detect hidden/invisible 50\%|4|0|none|0|none|not separately listed|725+8/hp|derived/alias|Breath, improved surprise, limited surprise, and detection are four Specials; variants use literal HD rows.
herd_animal||2+1--3|35|3|0|none|0|0|none|0|none|35+3/hp|35+3/hp|confirmed|Stampede is encounter behavior rather than an individual XP ability; variants use literal HD rows.
herd_animal_1hd|herd_animal|1-1--1|10|1|0|none|0|0|none|0|none|not separately listed|10+1/hp|derived/alias|Stampede is encounter behavior rather than an individual XP ability; variants use literal HD rows.
herd_animal_2hd|herd_animal|1+1--2|20|2|0|none|0|0|none|0|none|not separately listed|20+2/hp|derived/alias|Stampede is encounter behavior rather than an individual XP ability; variants use literal HD rows.
herd_animal_3hd|herd_animal|2+1--3|35|3|0|none|0|0|none|0|none|not separately listed|35+3/hp|derived/alias|Stampede is encounter behavior rather than an individual XP ability; variants use literal HD rows.
herd_animal_4hd|herd_animal|3+1--4|60|4|0|none|0|0|none|0|none|not separately listed|60+4/hp|derived/alias|Stampede is encounter behavior rather than an individual XP ability; variants use literal HD rows.
herd_animal_5hd|herd_animal|4+1--5|90|5|0|none|0|0|none|0|none|not separately listed|90+5/hp|derived/alias|Stampede is encounter behavior rather than an individual XP ability; variants use literal HD rows.
hippocampus||3+1--4|60|4|0|none|0|0|none|0|none|60+4/hp|60+4/hp|confirmed|Use the literal HD base value.
hippogriff||3+1--4|60|4|0|none|0|0|none|0|none|60+4/hp|60+4/hp|confirmed|Use the literal HD base value.
hippopotamus||7+1--8|375|10|0|none|0|0|none|0|none|375+10/hp|375+10/hp|confirmed|Use the literal 8-HD base value; upsetting craft does not add an individual award.
hippopotamus_bull|hippopotamus|7+1--8|375|10|0|none|0|0|none|0|none|not separately listed|375+10/hp|derived/alias|Use the literal 8-HD base value; upsetting craft does not add an individual award.
hippopotamus_cow|hippopotamus|7+1--8|375|10|0|none|0|0|none|0|none|not separately listed|375+10/hp|derived/alias|Use the literal 8-HD base value; upsetting craft does not add an individual award.
hobgoblin||1+1--2|20|2|0|none|0|0|none|0|none|20+2/hp|20+2/hp|confirmed|Use the literal 1+1-HD row for all fixed-hp leaders.
hobgoblin_leader|hobgoblin|1+1--2|20|2|0|none|0|0|none|0|none|not separately listed|20+2/hp|derived/alias|Use the literal 1+1-HD row for all fixed-hp leaders.
hobgoblin_assistant|hobgoblin|1+1--2|20|2|0|none|0|0|none|0|none|not separately listed|20+2/hp|derived/alias|Use the literal 1+1-HD row for all fixed-hp leaders.
hobgoblin_subchief|hobgoblin|1+1--2|20|2|0|none|0|0|none|0|none|not separately listed|20+2/hp|derived/alias|Use the literal 1+1-HD row for all fixed-hp leaders.
hobgoblin_bodyguard|hobgoblin|1+1--2|20|2|0|none|0|0|none|0|none|not separately listed|20+2/hp|derived/alias|Use the literal 1+1-HD row for all fixed-hp leaders.
hobgoblin_chief|hobgoblin|1+1--2|20|2|0|none|0|0|none|0|none|not separately listed|20+2/hp|derived/alias|Use the literal 1+1-HD row for all fixed-hp leaders.
homonculous||1+1--2|20|2|2|reviewed Special portion of MM package: Sleep bite; Saves as creator|2|1|reviewed Exceptional portion of MM package: Sleep bite; Saves as creator|1|none|not listed|81+2/hp|corrected|Use the 2-HD row's 45-point Exceptional award: 20 + (2 x 8) + 45 = 81; the secondary calculation accidentally substituted the next row's 55-point award.
homunculus|homonculous|1+1--2|20|2|2|reviewed Special portion of MM package: Sleep bite; Saves as creator|2|1|reviewed Exceptional portion of MM package: Sleep bite; Saves as creator|1|none|not separately listed|81+2/hp|alias|Alias of the corrected Homonculous record; 2S+1E on the 2-HD row gives 81+2/hp.
horse_draft||2+1--3|35|3|0|none|0|0|none|0|none|35+3/hp|35+3/hp|confirmed|Use the literal HD base value.
warhorse_heavy||3+1--4|60|4|0|none|0|0|none|0|none|60+4/hp|60+4/hp|confirmed|Use the literal HD base value.
warhorse_light||1+1--2|20|2|0|none|0|0|none|0|none|20+2/hp|20+2/hp|confirmed|Use the literal HD base value.
warhorse_medium||2+1--3|35|3|0|none|0|0|none|0|none|35+3/hp|35+3/hp|confirmed|Use the literal HD base value.
pony||1+1--2|20|2|0|none|0|0|none|0|none|20+2/hp|20+2/hp|confirmed|Use the literal HD base value.
horse_wild||1+1--2|20|2|0|none|0|0|none|0|none|20+2/hp|20+2/hp|confirmed|Use the literal HD base value.
hydra||4+1--5|90|5|0|none|0|0|none|0|none|(by heads)|(by heads)|summary|Summary row only; choose the keyed head-count form for XP.
hydra_lernaean|hydra|4+1--5|90|5|0|none|0|0|none|0|none|not separately listed|(by final heads)|summary|Summary row only; choose the keyed head-count form for XP.
hydra_5_heads|hydra|4+1--5|90|5|1|reviewed Special portion of MM package: Up to 4 attacks on one opponent; All heads must be killed|1|0|none|0|none|not separately listed|130+5/hp|derived/alias|Multiple heads are one Special; use the fixed 8 hp per head and the literal HD row.
hydra_6_heads|hydra|5+1--6|150|6|1|reviewed Special portion of MM package: Up to 4 attacks on one opponent; All heads must be killed|1|0|none|0|none|not separately listed|225+6/hp|derived/alias|Multiple heads are one Special; use the fixed 8 hp per head and the literal HD row.
hydra_7_heads|hydra|6+1--7|225|8|1|reviewed Special portion of MM package: Up to 4 attacks on one opponent; All heads must be killed|1|0|none|0|none|not separately listed|350+8/hp|derived/alias|Multiple heads are one Special; use the fixed 8 hp per head and the literal HD row.
hydra_8_heads|hydra|7+1--8|375|10|1|reviewed Special portion of MM package: Up to 4 attacks on one opponent; All heads must be killed|1|0|none|0|none|not separately listed|550+10/hp|derived/alias|Multiple heads are one Special; use the fixed 8 hp per head and the literal HD row.
hydra_9_heads|hydra|8+1--9|600|12|1|reviewed Special portion of MM package: Up to 4 attacks on one opponent; All heads must be killed|1|0|none|0|none|not separately listed|900+12/hp|derived/alias|Multiple heads are one Special; use the fixed 8 hp per head and the literal HD row.
hydra_10_heads|hydra|9+1--10+|900|14|1|reviewed Special portion of MM package: Up to 4 attacks on one opponent; All heads must be killed|1|0|none|0|none|not separately listed|1350+14/hp|derived/alias|Multiple heads are one Special; use the fixed 8 hp per head and the literal HD row.
hydra_11_heads|hydra|11--12+|1300|16|1|reviewed Special portion of MM package: Up to 4 attacks on one opponent; All heads must be killed|1|0|none|0|none|not separately listed|2000+16/hp|derived/alias|Multiple heads are one Special; use the fixed 8 hp per head and the literal HD row.
hydra_12_heads|hydra|11--12+|1300|16|1|reviewed Special portion of MM package: Up to 4 attacks on one opponent; All heads must be killed|1|0|none|0|none|not separately listed|2000+16/hp|derived/alias|Multiple heads are one Special; use the fixed 8 hp per head and the literal HD row.
hydra_13_heads|hydra|13--14+|1800|18|1|reviewed Special portion of MM package: Up to 4 attacks on one opponent; All heads must be killed|1|1|reviewed Exceptional portion of MM package: Up to 4 attacks on one opponent; All heads must be killed|1|none|not separately listed|3950+18/hp|derived/alias|Multiple heads are Special; the >12-head damage routine adds one Exceptional award.
hydra_14_heads|hydra|13--14+|1800|18|1|reviewed Special portion of MM package: Up to 4 attacks on one opponent; All heads must be killed|1|1|reviewed Exceptional portion of MM package: Up to 4 attacks on one opponent; All heads must be killed|1|none|not separately listed|3950+18/hp|derived/alias|Multiple heads are Special; the >12-head damage routine adds one Exceptional award.
hydra_15_heads|hydra|15--16+|2400|20|1|reviewed Special portion of MM package: Up to 4 attacks on one opponent; All heads must be killed|1|1|reviewed Exceptional portion of MM package: Up to 4 attacks on one opponent; All heads must be killed|1|none|not separately listed|5250+20/hp|derived/alias|Multiple heads are Special; the >12-head damage routine adds one Exceptional award.
hydra_16_heads|hydra|15--16+|2400|20|1|reviewed Special portion of MM package: Up to 4 attacks on one opponent; All heads must be killed|1|1|reviewed Exceptional portion of MM package: Up to 4 attacks on one opponent; All heads must be killed|1|none|not separately listed|5250+20/hp|derived/alias|Multiple heads are Special; the >12-head damage routine adds one Exceptional award.
pyrohydra||4+1--5|90|5|0|none|0|0|none|0|none|(by heads)|(by heads)|summary|Summary row only; choose the keyed head-count form for XP.
pyrohydra_5_heads|pyrohydra|4+1--5|90|5|1|reviewed Special portion of MM package: Up to 4 attacks on one opponent, fire breath (1--8/head, twice/day; save for half); All heads must be killed|1|1|reviewed Exceptional portion of MM package: Up to 4 attacks on one opponent, fire breath (1--8/head, twice/day; save for half); All heads must be killed|1|DMG breath bonus +500|not separately listed|630+5/hp|corrected/override|Start with corrected Hydra XP and add the DMG's published breath-weapon bonus as an explicit adjustment.
pyrohydra_6_heads|pyrohydra|5+1--6|150|6|1|reviewed Special portion of MM package: Up to 4 attacks on one opponent, fire breath (1--8/head, twice/day; save for half); All heads must be killed|1|1|reviewed Exceptional portion of MM package: Up to 4 attacks on one opponent, fire breath (1--8/head, twice/day; save for half); All heads must be killed|1|DMG breath bonus +700|not separately listed|925+6/hp|corrected/override|Start with corrected Hydra XP and add the DMG's published breath-weapon bonus as an explicit adjustment.
pyrohydra_7_heads|pyrohydra|6+1--7|225|8|1|reviewed Special portion of MM package: Up to 4 attacks on one opponent, fire breath (1--8/head, twice/day; save for half); All heads must be killed|1|1|reviewed Exceptional portion of MM package: Up to 4 attacks on one opponent, fire breath (1--8/head, twice/day; save for half); All heads must be killed|1|DMG breath bonus +825|not separately listed|1175+8/hp|corrected/override|Start with corrected Hydra XP and add the DMG's published breath-weapon bonus as an explicit adjustment.
pyrohydra_8_heads|pyrohydra|7+1--8|375|10|1|reviewed Special portion of MM package: Up to 4 attacks on one opponent, fire breath (1--8/head, twice/day; save for half); All heads must be killed|1|1|reviewed Exceptional portion of MM package: Up to 4 attacks on one opponent, fire breath (1--8/head, twice/day; save for half); All heads must be killed|1|DMG breath bonus +1200|not separately listed|1750+10/hp|corrected/override|Start with corrected Hydra XP and add the DMG's published breath-weapon bonus as an explicit adjustment.
pyrohydra_9_heads|pyrohydra|8+1--9|600|12|1|reviewed Special portion of MM package: Up to 4 attacks on one opponent, fire breath (1--8/head, twice/day; save for half); All heads must be killed|1|1|reviewed Exceptional portion of MM package: Up to 4 attacks on one opponent, fire breath (1--8/head, twice/day; save for half); All heads must be killed|1|DMG breath bonus +1600|not separately listed|2500+12/hp|corrected/override|Start with corrected Hydra XP and add the DMG's published breath-weapon bonus as an explicit adjustment.
pyrohydra_10_heads|pyrohydra|9+1--10+|900|14|1|reviewed Special portion of MM package: Up to 4 attacks on one opponent, fire breath (1--8/head, twice/day; save for half); All heads must be killed|1|1|reviewed Exceptional portion of MM package: Up to 4 attacks on one opponent, fire breath (1--8/head, twice/day; save for half); All heads must be killed|1|DMG breath bonus +1800|not separately listed|3150+14/hp|corrected/override|Start with corrected Hydra XP and add the DMG's published breath-weapon bonus as an explicit adjustment.
pyrohydra_11_heads|pyrohydra|11--12+|1300|16|1|reviewed Special portion of MM package: Up to 4 attacks on one opponent, fire breath (1--10/head, twice/day; save for half); All heads must be killed|1|1|reviewed Exceptional portion of MM package: Up to 4 attacks on one opponent, fire breath (1--10/head, twice/day; save for half); All heads must be killed|1|DMG breath bonus +2550|not separately listed|4550+16/hp|corrected/override|Start with corrected Hydra XP and add the DMG's published breath-weapon bonus as an explicit adjustment.
pyrohydra_12_heads|pyrohydra|11--12+|1300|16|1|reviewed Special portion of MM package: Up to 4 attacks on one opponent, fire breath (1--10/head, twice/day; save for half); All heads must be killed|1|1|reviewed Exceptional portion of MM package: Up to 4 attacks on one opponent, fire breath (1--10/head, twice/day; save for half); All heads must be killed|1|DMG breath bonus +3400|not separately listed|5400+16/hp|corrected/override|Start with corrected Hydra XP and add the DMG's published breath-weapon bonus as an explicit adjustment.
hyena||2+1--3|35|3|0|none|0|0|none|0|none|35+3/hp|35+3/hp|confirmed|Use the literal HD base value; Hyaenodon is an alias for the giant form.
hyena_giant||4+1--5|90|5|0|none|0|0|none|0|none|90+5/hp|90+5/hp|confirmed|Use the literal HD base value; Hyaenodon is an alias for the giant form.
hyaenodon|hyena_giant|4+1--5|90|5|0|none|0|0|none|0|none|not separately listed|90+5/hp|derived/alias|Use the literal HD base value; Hyaenodon is an alias for the giant form.
imp||2+1--3|35|3|5|reviewed Special portion of MM package: Poison, magic use; Magic weapons to hit, regeneration, MR 25\%, immune to cold, fire and electricity, saves as 7 HD|5|3|reviewed Exceptional portion of MM package: Poison, magic use; Magic weapons to hit, regeneration, MR 25\%, immune to cold, fire and electricity, saves as 7 HD|3|none|275+3/hp|275+3/hp|confirmed|Poison, magic use, weapon defense, regeneration, resistance, immunities, and saves reproduce 5S+3E.
intellect_devourer||6+1--7|225|8|6|reviewed Special portion of MM package: Psionics, possession, hides as a 10th-level thief; +3 weapons inflict only 1 hp, immune to most spells|6|3|reviewed Exceptional portion of MM package: Psionics, possession, hides as a 10th-level thief; +3 weapons inflict only 1 hp, immune to most spells|3|none|1500+8/hp|1500+8/hp|confirmed|Psionics, possession, stealth, weapon defense, and spell immunity reproduce 6S+3E.
invisible_stalker||7+1--8|375|10|2|reviewed Special portion of MM package: Surprises on 1--5; Invisible|2|1|reviewed Exceptional portion of MM package: Surprises on 1--5; Invisible|1|none|1000+10/hp|1000+10/hp|confirmed|Invisibility and improved surprise are Special; MR 30% is Exceptional.
irish_deer||3+1--4|60|4|0|none|0|0|none|0|none|60+4/hp|60+4/hp|confirmed|Use the literal 4-HD base value.
ixitxachitl||1+1--2|20|2|1|reviewed Special portion of MM package: Evil clerical spells|1|0|none|0|none|28+2/hp|28+2/hp|confirmed|The limited clerical package is one Special; variants use literal HD rows.
ixitxachitl_cleric_2nd|ixitxachitl|1+1--2|20|2|1|reviewed Special portion of MM package: Spells as a 2nd-level cleric|1|0|none|0|none|not separately listed|28+2/hp|derived/alias|The limited clerical package is one Special; variants use literal HD rows.
ixitxachitl_cleric_3rd|ixitxachitl|1+1--2|20|2|1|reviewed Special portion of MM package: Spells as a 3rd-level cleric|1|0|none|0|none|not separately listed|28+2/hp|derived/alias|The limited clerical package is one Special; variants use literal HD rows.
ixitxachitl_cleric_5th|ixitxachitl|1+1--2|20|2|1|reviewed Special portion of MM package: Spells as a 5th-level cleric|1|0|none|0|none|not separately listed|28+2/hp|derived/alias|The limited clerical package is one Special; variants use literal HD rows.
ixitxachitl_guard|ixitxachitl|3+1--4|60|4|1|reviewed Special portion of MM package: Spells as a 6th-level cleric|1|0|none|0|none|not separately listed|85+4/hp|derived/alias|The limited clerical package is one Special; variants use literal HD rows.
ixitxachitl_leader|ixitxachitl|4+1--5|90|5|0|none|0|1|reviewed Exceptional portion of MM package: Spells as an 8th-level cleric|1|none|not separately listed|165+5/hp|derived/alias|Major clerical spell use is Exceptional.
ixitxachitl_vampire|ixitxachitl|2+1--3|35|3|6|reviewed Special portion of MM package: Energy drain, evil clerical spells; Regenerates 3 hp/round|6|3|reviewed Exceptional portion of MM package: Energy drain, evil clerical spells; Regenerates 3 hp/round|3|none|not separately listed|290+3/hp|derived/alias|Energy drain, regeneration, and clerical traits use 6S+3E on the doubled-HD row.
ixitxachitl_vampire_cleric_2nd|ixitxachitl|2+1--3|35|3|6|reviewed Special portion of MM package: Energy drain, spells as a 2nd-level cleric; Regenerates 3 hp/round|6|3|reviewed Exceptional portion of MM package: Energy drain, spells as a 2nd-level cleric; Regenerates 3 hp/round|3|none|not separately listed|290+3/hp|derived/alias|Energy drain, regeneration, and clerical traits use 6S+3E on the doubled-HD row.
ixitxachitl_vampire_cleric_3rd|ixitxachitl|2+1--3|35|3|6|reviewed Special portion of MM package: Energy drain, spells as a 3rd-level cleric; Regenerates 3 hp/round|6|3|reviewed Exceptional portion of MM package: Energy drain, spells as a 3rd-level cleric; Regenerates 3 hp/round|3|none|not separately listed|290+3/hp|derived/alias|Energy drain, regeneration, and clerical traits use 6S+3E on the doubled-HD row.
ixitxachitl_vampire_cleric_5th|ixitxachitl|2+1--3|35|3|6|reviewed Special portion of MM package: Energy drain, spells as a 5th-level cleric; Regenerates 3 hp/round|6|3|reviewed Exceptional portion of MM package: Energy drain, spells as a 5th-level cleric; Regenerates 3 hp/round|3|none|not separately listed|290+3/hp|derived/alias|Energy drain, regeneration, and clerical traits use 6S+3E on the doubled-HD row.
ixitxachitl_vampire_guard|ixitxachitl|6+1--7|225|8|6|reviewed Special portion of MM package: Energy drain, spells as a 6th-level cleric; Regenerates 3 hp/round|6|3|reviewed Exceptional portion of MM package: Energy drain, spells as a 6th-level cleric; Regenerates 3 hp/round|3|none|not separately listed|1500+8/hp|derived/alias|Energy drain, regeneration, and clerical traits use 6S+3E on the doubled-HD row.
ixitxachitl_vampire_leader|ixitxachitl|8+1--9|600|12|3|reviewed Special portion of MM package: Energy drain, spells as an 8th-level cleric; Regenerates 3 hp/round|3|6|reviewed Exceptional portion of MM package: Energy drain, spells as an 8th-level cleric; Regenerates 3 hp/round|6|none|not separately listed|3900+12/hp|derived/alias|The major spell-using vampiric leader uses 3S+6E on its doubled-HD row.
jackal||up to 1-1|5|1|0|none|0|0|none|0|none|5+1/hp|5+1/hp|confirmed|Use the literal half-HD base value.
jackalwere||3+1--4|60|4|1|reviewed Special portion of MM package: Sleep gaze, shapechanging, human weapon use; Iron or +1 weapons to hit|1|11|reviewed Exceptional portion of MM package: Sleep gaze, shapechanging, human weapon use; Iron or +1 weapons to hit|11|none|800+4/hp|800+4/hp|confirmed|Shapechanging is Special; the unusually powerful gaze/weapon-defense package is weighted to eleven Exceptional units.
jaguar||4+1--5|90|5|2|reviewed Special portion of MM package: Rear-claw rake, leaps 30' to attack; Surprised only on a 1|2|0|none|0|none|170+5/hp|170+5/hp|confirmed|Leaping/rake and improved surprise are two Specials, consistent with the great-cat treatment.
ki_rin||11--12+|1300|16|3|reviewed Special portion of MM package: Magic use, psionics, +3 horn, double-strength air magic; Astral/ethereal travel, telepathy|3|6|reviewed Exceptional portion of MM package: Magic use, psionics, +3 horn, double-strength air magic; Astral/ethereal travel, telepathy|6|none|8500+16/hp|8500+16/hp|confirmed|Magic, psionics, horn/air effects, planar travel, and telepathy reproduce 3S+6E.
koalinth|hobgoblin|1+1--2|20|2|0|none|0|0|none|0|none|not separately listed|20+2/hp|derived/alias|Alias of the reviewed Hobgoblin base record.
kobold||up to 1-1|5|1|0|none|0|0|none|0|none|5+1/hp|5+1/hp|confirmed|Use the literal half-HD base value and THAC0 21 after accounting for sticky 20s.
kobold_bodyguard|kobold|1-1--1|10|1|0|none|0|0|none|0|none|not separately listed|10+1/hp|derived/alias|Fixed 4-hp leaders use the 1-1-to-1 row without added XP abilities.
kobold_chief|kobold|1-1--1|10|1|0|none|0|0|none|0|none|not separately listed|10+1/hp|derived/alias|Fixed 4-hp leaders use the 1-1-to-1 row without added XP abilities.
kobold_guard|kobold|1-1--1|10|1|0|none|0|0|none|0|none|not separately listed|10+1/hp|derived/alias|Fixed 4-hp leaders use the 1-1-to-1 row without added XP abilities.
kobold_leader|kobold|1-1--1|10|1|0|none|0|0|none|0|none|not separately listed|10+1/hp|derived/alias|Fixed 4-hp leaders use the 1-1-to-1 row without added XP abilities.
lamia||8+1--9|600|12|1|reviewed Special portion of MM package: Wisdom drain, magic use|1|2|reviewed Exceptional portion of MM package: Wisdom drain, magic use|2|none|1700+12/hp|1700+12/hp|confirmed|Wisdom drain and magic use reproduce one Special and two Exceptional awards.
lammasu||7+1--8|375|10|3|reviewed Special portion of MM package: Magic use, invisibility, dimension door; Double-strength protection from evil|3|2|reviewed Exceptional portion of MM package: Magic use, invisibility, dimension door; Double-strength protection from evil|2|none|1450+10/hp|1450+10/hp|confirmed|Magic, invisibility, dimension door, and protection reproduce 3S+2E on the literal 7+7-HD row.
lamprey||1+1--2|20|2|1|reviewed Special portion of MM package: Blood drain (2/r)|1|0|none|0|none|28+2/hp|28+2/hp|confirmed|Normal blood drain is Special.
lamprey_giant||4+1--5|90|5|0|none|0|1|reviewed Exceptional portion of MM package: Blood drain (10/r)|1|none|165+5/hp|165+5/hp|confirmed|The stronger giant blood drain is Exceptional.
larva||1-1--1|10|1|0|none|0|0|none|0|none|10+1/hp|10+1/hp|confirmed|Use the literal 1-HD base value.
leech_giant||1-1--1|10|1|4|reviewed Special portion of MM package: Blood drain, anesthesia, disease|4|0|none|0|none|(by size)|(by size)|summary|Blood drain, anesthesia, and disease are weighted as four Specials; variants use literal HD rows.
leech_giant_1hd|leech_giant|1-1--1|10|1|4|reviewed Special portion of MM package: Blood drain (1/r), anesthesia, disease|4|0|none|0|none|not separately listed|26+1/hp|derived/alias|Blood drain, anesthesia, and disease are weighted as four Specials; variants use literal HD rows.
leech_giant_2hd|leech_giant|1+1--2|20|2|4|reviewed Special portion of MM package: Blood drain (2/r), anesthesia, disease|4|0|none|0|none|not separately listed|52+2/hp|derived/alias|Blood drain, anesthesia, and disease are weighted as four Specials; variants use literal HD rows.
leech_giant_3hd|leech_giant|2+1--3|35|3|4|reviewed Special portion of MM package: Blood drain (3/r), anesthesia, disease|4|0|none|0|none|not separately listed|95+3/hp|derived/alias|Blood drain, anesthesia, and disease are weighted as four Specials; variants use literal HD rows.
leech_giant_4hd|leech_giant|3+1--4|60|4|4|reviewed Special portion of MM package: Blood drain (4/r), anesthesia, disease|4|0|none|0|none|not separately listed|160+4/hp|derived/alias|Blood drain, anesthesia, and disease are weighted as four Specials; variants use literal HD rows.
leopard||3+1--4|60|4|3|reviewed Special portion of MM package: Rear-claw rake, surprises on 1--3; Surprised only on a 1|3|0|none|0|none|135+4/hp|135+4/hp|confirmed|Rake, improved surprise, and limited surprise are three Specials.
leprechaun||1-1--1|10|1|1|reviewed Special portion of MM package: Magic use; Never surprised|1|2|reviewed Exceptional portion of MM package: Magic use; Never surprised|2|none|84+1/hp|84+1/hp|confirmed|Magic is Exceptional; never surprised and MR 80% complete the approved 1S+2E allocation.
leucrotta||6+1--7|225|8|2|reviewed Special portion of MM package: Voice imitation; Kick in retreat (1--6\?1--6)|2|0|none|0|none|475+8/hp|475+8/hp|confirmed|Voice imitation and the retreating kick are two Specials.
lich||11--12+|1300|16|1|reviewed Special portion of MM package: Paralyzation, fear, magic use, possible psionics; +1 or better weapons to hit, spell immunities|1|10|reviewed Exceptional portion of MM package: Paralyzation, fear, magic use, possible psionics; +1 or better weapons to hit, spell immunities|10|none|10500+16/hp|10500+16/hp|confirmed|The broad spell, paralysis/fear, psionic, weapon, and immunity package uses 1S+10E.
lion||5+1--6|150|6|2|reviewed Special portion of MM package: Rear-claw rake; Surprised only on a 1|2|0|none|0|none|300+6/hp|300+6/hp|confirmed|Rake and limited surprise are two Specials; each form uses its literal HD row.
lion_mountain||3+1--4|60|4|2|reviewed Special portion of MM package: Rear-claw rake; Surprised only on a 1|2|0|none|0|none|110+4/hp|110+4/hp|confirmed|Rake and limited surprise are two Specials; each form uses its literal HD row.
lion_spotted||6+1--7|225|8|2|reviewed Special portion of MM package: Rear-claw rake; Surprised only on a 1|2|0|none|0|none|475+8/hp|475+8/hp|confirmed|Rake and limited surprise are two Specials; each form uses its literal HD row.
lizard_fire||9+1--10+|900|14|2|reviewed Special portion of MM package: Fire puff (2--12, save for half); Immune to fire|2|0|none|0|none|1800+14/hp|1800+14/hp|confirmed|Fire puff and fire immunity are two Specials.
lizard_giant||3+1--4|60|4|0|none|0|1|reviewed Exceptional portion of MM package: Roll of 20 causes double damage (2--16)|1|none|125+4/hp|125+4/hp|confirmed|The double-damage bite is Exceptional.
lizard_minotaur||7+1--8|375|10|1|reviewed Special portion of MM package: Surprises on 1--4, bite holds on a 20|1|3|reviewed Exceptional portion of MM package: Surprises on 1--4, bite holds on a 20|3|none|1375+10/hp|1375+10/hp|confirmed|Improved surprise is Special; holding bite and damage package supply three Exceptional awards.
lizard_subterranean||5+1--6|150|6|1|reviewed Special portion of MM package: Moves on walls and ceilings, roll of 20 causes double damage (4--24)|1|1|reviewed Exceptional portion of MM package: Moves on walls and ceilings, roll of 20 causes double damage (4--24)|1|none|350+6/hp|350+6/hp|confirmed|Wall/ceiling movement is Special and the double-damage bite is Exceptional.
lizard_man||2+1--3|35|3|0|none|0|0|none|0|none|35+3/hp|35+3/hp|confirmed|Use the literal 2+1-HD base value.
lizard_man_advanced||2+1--3|35|3|1|reviewed Special portion of MM package: Missile weapons|1|0|none|0|none|50+3/hp|50+3/hp|confirmed|Missile capability adds one Special.
locathah||1+1--2|20|2|0|none|0|0|none|0|none|20+2/hp|20+2/hp|confirmed|Retain the 2-HD monster row; fighter-equivalent leaders do not change the XP formula.
locathah_leader|locathah|1+1--2|20|2|0|none|0|0|none|0|none|not separately listed|20+2/hp|derived/alias|Retain the 2-HD monster row; fighter-equivalent leaders do not change the XP formula.
locathah_assistant|locathah|1+1--2|20|2|0|none|0|0|none|0|none|not separately listed|20+2/hp|derived/alias|Retain the 2-HD monster row; fighter-equivalent leaders do not change the XP formula.
locathah_chief|locathah|1+1--2|20|2|0|none|0|0|none|0|none|not separately listed|20+2/hp|derived/alias|Retain the 2-HD monster row; fighter-equivalent leaders do not change the XP formula.
locathah_guard|locathah|1+1--2|20|2|0|none|0|0|none|0|none|not separately listed|20+2/hp|derived/alias|Retain the 2-HD monster row; fighter-equivalent leaders do not change the XP formula.
lurker_above||9+1--10+|900|14|1|reviewed Special portion of MM package: Surprises on 1--4, smothers (1--6/r; death in 2--5 rounds); 90\% undetectable on ceiling|1|1|reviewed Exceptional portion of MM package: Surprises on 1--4, smothers (1--6/r; death in 2--5 rounds); 90\% undetectable on ceiling|1|none|1500 + 14/hp|1950+14/hp|corrected/override|Improved surprise is Special and smothering is Exceptional; the previous subtotal omitted the Special award.
werebear||7+1--8|375|10|2|reviewed Special portion of MM package: Hug (2--16), summons 1--6 brown bears, infects lycanthropy; Silver or +1 weapons to hit, heals at triple rate, immune to disease|2|0|none|0|none|725+10/hp|725+10/hp|confirmed|Shapechanging/summoning and silver-or-magic weapon defense are two Specials.
wereboar||5+1--6|150|6|1|reviewed Special portion of MM package: Infects lycanthropy; Silver or +1 weapons to hit|1|0|none|0|none|225+6/hp|225+6/hp|confirmed|Silver-or-magic weapon defense is Special; infection and shapechanging stay within the package.
wererat||3+1--4|60|4|2|reviewed Special portion of MM package: Surprises on 1--4, infects lycanthropy; Silver or +1 weapons to hit|2|0|none|0|none|110+4/hp|110+4/hp|confirmed|Improved surprise or rake plus silver-or-magic weapon defense are two Specials.
weretiger||6+1--7|225|8|2|reviewed Special portion of MM package: Rear-claw rake, infects lycanthropy; Silver or +1 weapons to hit|2|0|none|0|none|475+8/hp|475+8/hp|confirmed|Improved surprise or rake plus silver-or-magic weapon defense are two Specials.
werewolf||4+1--5|90|5|2|reviewed Special portion of MM package: Surprises on 1--3, infects lycanthropy; Silver or +1 weapons to hit|2|0|none|0|none|170+5/hp|170+5/hp|confirmed|Improved surprise or rake plus silver-or-magic weapon defense are two Specials.
lynx_giant||2+1--3|35|3|2|reviewed Special portion of MM package: Rear-claw rake, surprises on 1--5; Hides 90\%, detects traps 75\%|2|1|reviewed Exceptional portion of MM package: Rear-claw rake, surprises on 1--5; Hides 90\%, detects traps 75\%|1|none|120+3/hp|120+3/hp|confirmed|Rake/surprise are two Specials; hiding and trap detection form one Exceptional package.
mammoth||13--14+|1800|18|0|none|0|1|reviewed Exceptional portion of MM package: L (10'--14' tall)|1|none|3000+18/hp|3000+18/hp|confirmed|Maximum routine damage is Exceptional.
manticore||6+1--7|225|8|2|reviewed Special portion of MM package: Tail-spike volley (18" range, 4 volleys)|2|1|reviewed Exceptional portion of MM package: Tail-spike volley (18" range, 4 volleys)|1|none|525 + 8/hp|650+8/hp|corrected/override|Multiple missile attacks and the tail-spike volley are two Specials; maximum volley damage is Exceptional.
masher||7+1--8|375|10|2|reviewed Special portion of MM package: Poison spines (save or die; safe only ahead or underneath)|2|1|reviewed Exceptional portion of MM package: Poison spines (save or die; safe only ahead or underneath)|1|none|1000+10/hp|1000+10/hp|confirmed|Spine coverage and missile-like discharge are Specials; save-or-die poison is Exceptional.
mastodon||11--12+|1300|16|0|none|0|1|reviewed Exceptional portion of MM package: L (10' tall)|1|none|2150+16/hp|2150+16/hp|confirmed|Maximum damage against one opponent is Exceptional.
medusa||5+1--6|150|6|1|reviewed Special portion of MM package: Gaze turns to stone, poison|1|4|reviewed Exceptional portion of MM package: Gaze turns to stone, poison|4|none|725+6/hp|725+6/hp|confirmed|Planar sight is Special; petrification and poison receive four Exceptional units.
men_bandit||up to 1-1|5|1|0|none|0|0|none|0|none|5+1/hp|5+1/hp|confirmed|Use the appropriate normal-human row; leadership and classed individuals are handled separately.
men_brigand||up to 1-1|5|1|0|none|0|0|none|0|none|5+1/hp|5+1/hp|confirmed|Use the appropriate normal-human row; leadership and classed individuals are handled separately.
men_berserker||1-1--1|10|1|0|none|0|0|none|0|none|10+1/hp|10+1/hp|confirmed|Use the appropriate normal-human row; leadership and classed individuals are handled separately.
men_buccaneer||up to 1-1|5|1|0|none|0|0|none|0|none|5+1/hp|5+1/hp|confirmed|Use the appropriate normal-human row; leadership and classed individuals are handled separately.
men_pirate||up to 1-1|5|1|0|none|0|0|none|0|none|5+1/hp|5+1/hp|confirmed|Use the appropriate normal-human row; leadership and classed individuals are handled separately.
men_caveman||1+1--2|20|2|0|none|0|0|none|0|none|20+2/hp|20+2/hp|confirmed|Use the appropriate normal-human row; leadership and classed individuals are handled separately.
men_tribesman||1-1--1|10|1|0|none|0|0|none|0|none|10+1/hp|10+1/hp|confirmed|Use the appropriate normal-human row; leadership and classed individuals are handled separately.
men_dervish||up to 1-1|5|1|0|none|0|0|none|0|none|5+1/hp|5+1/hp|confirmed|Use the appropriate normal-human row; leadership and classed individuals are handled separately.
men_nomad||up to 1-1|5|1|1|reviewed Special portion of MM package: Leader types; surprises on 1--4; Leader types|1|0|none|0|none|7+1/hp|7+1/hp|confirmed|Improved surprise adds one Special on the sub-1-HD row.
men_merchant||up to 1-1|5|1|0|none|0|0|none|0|none|5+1/hp|5+1/hp|confirmed|Use the appropriate normal-human row; leadership and classed individuals are handled separately.
men_drover||up to 1-1|5|1|0|none|0|0|none|0|none|5+1/hp|5+1/hp|confirmed|Use the appropriate normal-human row; leadership and classed individuals are handled separately.
men_mercenary_guard||1-1--1|10|1|0|none|0|0|none|0|none|10+1/hp|10+1/hp|confirmed|Use the appropriate normal-human row; leadership and classed individuals are handled separately.
men_pilgrim||up to 1-1|5|1|0|none|0|0|none|0|none|5+1/hp|5+1/hp|confirmed|Use the appropriate normal-human row; leadership and classed individuals are handled separately.
men_pilgrim_lawful_evil||up to 1-1|5|1|0|none|0|0|none|0|none|5+1/hp|5+1/hp|confirmed|Use the appropriate normal-human row; leadership and classed individuals are handled separately.
merman||1+1--2|20|2|0|none|0|0|none|0|none|20+2/hp|20+2/hp|confirmed|Use the literal 1+1-HD base value; ship grappling is encounter equipment.
mimic||6+1--7|225|8|0|none|0|0|none|0|none|(by HD)|(by HD)|summary|Summary row only; choose the keyed 7--10 HD form.
mimic_intelligent_7hd|mimic|6+1--7|225|8|2|reviewed Special portion of MM package: Glue, surprise; Camouflage|2|1|reviewed Exceptional portion of MM package: Glue, surprise; Camouflage|1|none|not separately listed|650+8/hp|derived/alias|Glue and surprise are Specials; camouflage is Exceptional.
mimic_intelligent_8hd|mimic|7+1--8|375|10|2|reviewed Special portion of MM package: Glue, surprise; Camouflage|2|1|reviewed Exceptional portion of MM package: Glue, surprise; Camouflage|1|none|not separately listed|1000+10/hp|derived/alias|Glue and surprise are Specials; camouflage is Exceptional.
mimic_killer_9hd|mimic|8+1--9|600|12|1|reviewed Special portion of MM package: Glue, surprise; Camouflage|1|1|reviewed Exceptional portion of MM package: Glue, surprise; Camouflage|1|none|not separately listed|1300+12/hp|derived/alias|Glue/surprise form one Special package and camouflage is Exceptional.
mimic_killer_10hd|mimic|9+1--10+|900|14|1|reviewed Special portion of MM package: Glue, surprise; Camouflage|1|1|reviewed Exceptional portion of MM package: Glue, surprise; Camouflage|1|none|not separately listed|1950+14/hp|derived/alias|Glue/surprise form one Special package and camouflage is Exceptional.
mind_flayer||8+1--9|600|12|2|reviewed Special portion of MM package: Mind blast; tentacles kill in 1--4 rounds|2|4|reviewed Exceptional portion of MM package: Mind blast; tentacles kill in 1--4 rounds|4|none|2800+12/hp|2800+12/hp|confirmed|Mind blast/psionics, extraction, and MR reproduce 2S+4E.
minotaur||6+1--7|225|8|1|reviewed Special portion of MM package: Surprised only on a 1|1|0|none|0|none|350+8/hp|350+8/hp|confirmed|Limited surprise is one Special.
mold_brown||n/a|n/a|n/a|0|none|0|0|none|0|none|nil|nil|summary|Hazard has nil creature XP; retain its effects in the stat record without forcing an HD-row calculation.
mold_yellow||n/a|n/a|n/a|0|none|0|0|none|0|none|nil|nil|summary|Hazard has nil creature XP; retain its effects in the stat record without forcing an HD-row calculation.
morkoth||6+1--7|225|8|1|reviewed Special portion of MM package: Hypnosis, charm; Spell reflection|1|4|reviewed Exceptional portion of MM package: Hypnosis, charm; Spell reflection|4|none|1050+8/hp|1050+8/hp|confirmed|Hypnosis/charm and spell reflection reproduce 1S+4E; Morlock is retained as an alias.
morlock|morkoth|6+1--7|225|8|1|reviewed Special portion of MM package: Hypnosis, charm; Spell reflection|1|4|reviewed Exceptional portion of MM package: Hypnosis, charm; Spell reflection|4|none|not separately listed|1050+8/hp|derived/alias|Hypnosis/charm and spell reflection reproduce 1S+4E; Morlock is retained as an alias.
mule||2+1--3|35|3|0|none|0|0|none|0|none|35+3/hp|35+3/hp|confirmed|Use the corrected literal 3-HD base value.
mummy||6+1--7|225|8|6|reviewed Special portion of MM package: Fear, paralysis, disease; Magic weapons to hit; Half damage; Immunities|6|1|reviewed Exceptional portion of MM package: Fear, paralysis, disease; Magic weapons to hit; Half damage; Immunities|1|none|1150+8/hp|1150+8/hp|confirmed|Fear, disease, weapon defenses, damage resistance, and immunities reproduce 6S+1E.
