Key|Singular|Plural|Category|THACO|AC|MV|HD|#AT|Damage (long)|Damage (short)|SA|SD|MR|Special|Size|Int|Alignment|Psionic|Attack/Defense Modes|Frequency|No. Appearing|% in Lair|Treasure Type|Level|XP
|||||||||||||||||||||||||
aerial_servant|Aerial Servant|||7|3|24"|16|1|8--32|8--32|Surprises on 1--4|Can be hit only by magic weapons|Standard|Surprises on 1--4; magic weapon to hit|8' tall|Semi-|Neutral|Nil|Nil|Very rare|1|0\%|Nil|IX|6500\+20/hp
anhkheg|Anhkheg|||13--16|2\,(4)|12" (6")|3--8|1|3--18 (\+1--4)|3--18|Squirt acid|Nil|Standard|Squirt acid|L (10'--20' long)|Non-|Neutral|Nil|Nil|Rare|1--6|15\%|C|V|390\+hp value
anhkheg_3hd|Anhkheg|||16|2\,(4)|12" (6")|3|1|3--18 (\+1--4)|3--18|Squirt acid|Nil|Standard|Squirt acid|L (10'--20' long)|Non-|Neutral|Nil|Nil|Rare|1--6|15\%|C|V|255\+3/hp
anhkheg_4hd|Anhkheg|||15|2\,(4)|12" (6")|4|1|3--18 (\+1--4)|3--18|Squirt acid|Nil|Standard|Squirt acid|L (10'--20' long)|Non-|Neutral|Nil|Nil|Rare|1--6|15\%|C|V|320\+4/hp
anhkheg_5hd|Anhkheg|||15|2\,(4)|12" (6")|5|1|3--18 (\+1--4)|3--18|Squirt acid|Nil|Standard|Squirt acid|L (10'--20' long)|Non-|Neutral|Nil|Nil|Rare|1--6|15\%|C|V|390\+5/hp
anhkheg_6hd|Anhkheg|||13|2\,(4)|12" (6")|6|1|3--18 (\+1--4)|3--18|Squirt acid|Nil|Standard|Squirt acid|L (10'--20' long)|Non-|Neutral|Nil|Nil|Rare|1--6|15\%|C|VI|650\+6/hp
anhkheg_7hd|Anhkheg|||13|2\,(4)|12" (6")|7|1|3--18 (\+1--4)|3--18|Squirt acid|Nil|Standard|Squirt acid|L (10'--20' long)|Non-|Neutral|Nil|Nil|Rare|1--6|15\%|C|VI|925\+8/hp
anhkheg_8hd|Anhkheg|||12|2\,(4)|12" (6")|8|1|3--18 (\+1--4)|3--18|Squirt acid|Nil|Standard|Squirt acid|L (10'--20' long)|Non-|Neutral|Nil|Nil|Rare|1--6|15\%|C|VII|1475\+10/hp
ant_giant|Giant Ant||Ant|16|3|18"|2|1|1--6|1--6|Nil|Nil|Standard||S (2' long)|Animal|Neutral|Nil|Nil|Rare|1--100|10\%|Q (\x3), S|I|20\+2/hp
ant_queen|Queen Ant||Ant|10|3|Nil|10|0|Nil|Nil|Nil|Nil|Standard||S|Animal|Neutral|Nil|Nil|Rare|1|10\%|Q (\x3), S|I|0
ant_warrior|Warrior Ant||Ant|16|3|18"|3|2|2--8\?3--12|2--8/3--12|Poison sting|Nil|Standard|Poison sting|S (2' long)|Animal|Neutral|Nil|Nil|Rare|1--20|10\%|Q (\x3), S|III|90\+3/hp
ape|Ape|||15|6|12"|4+1|3|1--3\?1--3\?1--6|2\x1--3\?1--6|Rending|Nil|Standard|Rending|M (6' tall, broad)|Low|Neutral|Nil|Nil|Very rare|1--4|Nil|Nil|III|130\+5/hp
gorilla|Gorilla|||15|6|12"|4+1|3|1--3\?1--3\?1--6|2\x1--3\?1--6|Rending|Nil|Standard|Rending|M (6' tall, broad)|Low|Neutral|Nil|Nil|Very rare|1--4|Nil|Nil|III|130\+5/hp
ape_carnivorous|Carnivorous Ape|||15|6|12"|5|3|1--4\?1--4\?1--8|2\x1--4\?1--8|Rending|Surprised only on a 1|Standard|Rending; Surprised only on 1|L (7'+, very broad)|Low (upper)|Neutral|Nil|Nil|Rare|2--8|10\%|C|IV|170\+5/hp
axe_beak|Axe Beak|||16|6|18"|3|3|1--3\?1--3\?2--8|2\x1--3\?2--8|Nil|Nil|Standard||L (7'+ tall)|Animal|Neutral|Nil|Nil|Uncommon|1--6|Nil|Nil|II|35\+3/hp
baboon|Baboon|||18|7|12"|1+1|1|1--4|1--4|Nil|Climbing|Standard|Climbing|S (4'+ tall)|Low|Neutral|Nil|Nil|Common|10--40|Nil|Nil|I|20\+2/hp
badger|Badger|||18|4|6" (3")|1+2|3|1--2\?1--2\?1--3|2\x1--2\?1--3|Nil|Nil|Standard||S|Semi-|Neutral|Nil|Nil|Uncommon|2--5|Nil|Nil|I|20\+2/hp
badger_giant|Giant Badger|||16|4|6" (3")|3|3|1--3\?1--3\?1--6|2\x1--3\?1--6|Nil|Nil|Standard||S|Semi-|Neutral|Nil|Nil|Very rare|2--5|Nil|Nil|II|35\+3/hp
baluchitherium|Baluchitherium|Baluchitheria||8|5|12"|14|2|5--20|5--20|Charge/trample|Nil|Standard|Charge/trample|L (20' tall)|Semi-|Neutral|Nil|Nil|Rare|1--3|Nil|Nil|VIII|4200\+18/hp
barracuda|Barracuda|||16|6|30"|1--3|1|2--8|2--8|Nil|Nil|Standard||S to L|Non-|Neutral|Nil|Nil|Uncommon|2--12|Nil|Nil|I|20\+2/hp
barracuda_1hd|Barracuda|||19|6|30"|1|1|2--8|2--8|Nil|Nil|Standard||S|Non-|Neutral|Nil|Nil|Uncommon|2--12|Nil|Nil|I|10\+1/hp
barracuda_2hd|Barracuda|||16|6|30"|2|1|2--8|2--8|Nil|Nil|Standard||M|Non-|Neutral|Nil|Nil|Uncommon|2--12|Nil|Nil|I|20\+2/hp
barracuda_3hd|Barracuda|||16|6|30"|3|1|2--8|2--8|Nil|Nil|Standard||L|Non-|Neutral|Nil|Nil|Uncommon|2--12|Nil|Nil|II|35\+3/hp
basilisk|Basilisk|||13|4|6"|6+1|1|1--10|1--10|Gaze turns to stone|Nil|Standard|Gaze petrifies|M (7' long)|Animal|Neutral|Nil|Nil|Uncommon|1--4|40\%|F|VIII|1000\+8/hp
bear_black|Black Bear|||16|7|12"|3+3|3|1--3\?1--3\?1--6|2\x1--3\?1--6|Hugs: 2--8|Nil|Standard|Hug: 2--8|M (6'+ tall)|Semi-|Neutral|Nil|Nil|Common|1--3|Nil|Nil|III|85\+4/hp
bear_brown|Brown Bear|||15|6|12"|5+5|3|1--6\?1--6\?1--8|2\x1--6\?1--8|Hugs: 2--12|Nil|Standard|Hug: 2--12|L (9'+ tall)|Semi-|Neutral|Nil|Nil|Uncommon|1--6|Nil|Nil|V|300\+6/hp
bear_cave|Cave Bear|||13|6|12"|6+6|3|1--8\?1--8\?1--12|2\x1--8\?1--12|Hugs: 2--16|Nil|Standard|Hug: 2--16|L (12'+ tall)|Semi-|Neutral|Nil|Nil|Uncommon|1--2|Nil|Nil|V|475\+8/hp
beaver_giant|Giant Beaver|||15|6|6"//12"|4|1|4--16|4--16|Nil|Nil|Standard||M (6' long)|Low to average|Neutral|Nil|Nil|Very rare|10--40|80\%|C|III|60\+4/hp
beetle_bombardier|Bombardier Beetle||Beetle, Giant|16|4|9"|2+2|1|2--12|2--12|Acid Cloud|Firing Cloud|Standard|Acid Cloud; Firing Cloud|M (4' long)|Non-|Neutral|Nil|Nil|Common|3--12|Nil|Nil|III|105\+3/hp
beetle_boring|Boring Beetle||Beetle, Giant|15|3|6"|5|1|5--20|5--20|Nil|Nil|Standard||L (9' long)|Animal|Neutral|Nil|Nil|Common|3--18|40\%|C, R, S, T|III|90\+5/hp
beetle_fire|Fire Beetle||Beetle, Giant|18|4|12"|1+2|1|2--8|2--8|Nil|Nil|Standard||S (2\half' long)|Non-|Neutral|Nil|Nil|Common|3--12|Nil|Nil|I|20\+2/hp
beetle_rhinoceros|Rhinoceros Beetle||Beetle, Giant|9|2|6"|12|2|3--18\?2--16|3--18\?2--16|Nil|Nil|Standard||L (12' long plus horn)|Non-|Neutral|Nil|Nil|Uncommon|1--6|Nil|Nil|VII|2150\+16/hp
beetle_stag|Stag Beetle||Beetle, Giant|13|3|6"|7|3|4--16\?1--10\?1--10|4--16\?2\x1--10|Nil|Nil|Standard||L (10' long)|Non-|Neutral|Nil|Nil|Common|2--12|Nil|Nil|IV|225\+8/hp
beetle_water|Water Beetle||Beetle, Giant|15|3|3"/12"|4|1|3--18|3--18|Nil|Nil|Standard||L (6' long)|Non-|Neutral|Nil|Nil|Common|1--12|Nil|Nil|III|60\+4/hp
beholder|Beholder|||7--10|0\,(2,7)|3"|45-75 hit points|1|2--8|2--8|Magic|Anti-magic ray|Special|Magic; Anti-magic|L (4'-6' dia.)|Exceptional|Lawful Evil|Nil|Nil|Very rare|1|80\%|I, S, T|X|12900\+20/hp
beholder_10hd|Beholder|||10|0\,(2,7)|3"|10|1|2--8|2--8|Magic|Anti-magic ray|Special|Magic; Anti-magic|L (4'-6' dia.)|Exceptional|Lawful Evil|Nil|Nil|Very rare|1|80\%|I, S, T|VIII|4800\+14/hp
beholder_11hd|Beholder|||10|0\,(2,7)|3"|11|1|2--8|2--8|Magic|Anti-magic ray|Special|Magic; Anti-magic|L (4'-6' dia.)|Exceptional|Lawful Evil|Nil|Nil|Very rare|1|80\%|I, S, T|IX|6950\+16/hp
beholder_12hd|Beholder|||9|0\,(2,7)|3"|12|1|2--8|2--8|Magic|Anti-magic ray|Special|Magic; Anti-magic|L (4'-6' dia.)|Exceptional|Lawful Evil|Nil|Nil|Very rare|1|80\%|I, S, T|IX|6950\+16/hp
beholder_13hd|Beholder|||9|0\,(2,7)|3"|13|1|2--8|2--8|Magic|Anti-magic ray|Special|Magic; Anti-magic|L (4'-6' dia.)|Exceptional|Lawful Evil|Nil|Nil|Very rare|1|80\%|I, S, T|IX|9700\+18/hp
beholder_14hd|Beholder|||8|0\,(2,7)|3"|14|1|2--8|2--8|Magic|Anti-magic ray|Special|Magic; Anti-magic|L (4'-6' dia.)|Exceptional|Lawful Evil|Nil|Nil|Very rare|1|80\%|I, S, T|IX|9700\+18/hp
beholder_15hd|Beholder|||8|0\,(2,7)|3"|15|1|2--8|2--8|Magic|Anti-magic ray|Special|Magic; Anti-magic|L (4'-6' dia.)|Exceptional|Lawful Evil|Nil|Nil|Very rare|1|80\%|I, S, T|X|12900\+20/hp
beholder_16hd|Beholder|||7|0\,(2,7)|3"|16|1|2--8|2--8|Magic|Anti-magic ray|Special|Magic; Anti-magic|L (4'-6' dia.)|Exceptional|Lawful Evil|Nil|Nil|Very rare|1|80\%|I, S, T|X|12900\+20/hp
black_pudding|Black Pudding|||10|6|6"|10|1|3--24|3--24|Dissolve wood and metal|Blows, cold and lightning do not harm|Standard|Dissolve wood and metal; Blows, cold, lightning useless|S to L (5' dia. to 8' dia.)|Non-|Neutral|Nil|Nil|Uncommon|1--4|Nil|Nil|VII|1800\+14/hp
blink_dog|Blink Dog|||15|5|12"|4|1|1--6|1--6|From rear 75\% of time|Teleporting|Standard|Rear attack 75\%; Teleporting|M (3' at shoulder)|Average|Lawful Good|Nil|Nil|Rare|4--16|20\%|C|III|110\+4/hp
boar_wild|Wild Boar|||16|7|15"|3+3|1|3--12|3--12|Fights after 0 hp|Nil|Standard|Fights after 0 hp|M (3' at shoulder)|Semi-|Neutral|Nil|Nil|Common|1--12|Nil|Nil|III|85\+4/hp
boar_giant|Giant Boar|||13|6|12"|7|1|3--18|3--18|Fights after 0 hp|Nil|Standard|Fights after 0 hp|L (5' at shoulder)|Animal|Neutral|Nil|Nil|Uncommon|2--8|Nil|Nil|V|350\+8/hp
warthog|Warthog|||16|7|12"|3|2|2--8\?2--8|2--8\?2--8|Fights after 0 hp|Nil|Standard|Fights after 0 hp|M (2\half' at shoulder)|Animal|Neutral|Nil|Nil|Common|1--6|Nil|Nil|II|50\+3/hp
boar_warthog|Warthog|||16|7|12"|3|2|2--8\?2--8|2--8\?2--8|Fights after 0 hp|Nil|Standard|Fights after 0 hp|M (2\half' at shoulder)|Animal|Neutral|Nil|Nil|Common|1--6|Nil|Nil|II|50\+3/hp
brain_mole|Brain Mole|||-|9|1"|\sfrac{1}{8}|Nil|Nil|Nil|Psionic only|Nil|Standard|Psionic only|S (3" long)|Animal|Neutral|121 point attack|B/Nil|Very rare|1--3|Nil|Nil|II|31
brownie|Brownie|||20|3|12"|\half|1|1--3|1--3|Spells|Save as 9th level cleric, no surprise|As above|Spells; Save as Cleric 9, no surprise|S (1\half' tall)|High|Lawful Good|Nil|Nil|Rare|4--16|Nil|Nil|III|65\+1/hp
buffalo|Buffalo|||15|7\,(3)|15"|5|2|1--8\?1--8|1--8\?1--8|Charge|Head is AC3|Standard|Charge; Head is AC3|L (5' at shoulder)|Semi-|Neutral|Nil|Nil|Uncommon|4--24|Nil|Nil|III|130\+5/hp
bugbear|Bugbear|||16|5|9"|3+1|1|2--8 or by weapon|2--8|Surprise on a 1--3|Nil|Standard|Surprise on 1--3|L (7'+ tall)|Low to Average (low)|Chaotic Evil|Nil|Nil|Uncommon|6--36|Nil|Nil|III|135\+4/hp
bulette|Bulette|||12|2\,(4,6)|14" (3")|9|3|4--48\?3--18\?3--18|4--48\?2\x3--18|8' jump|Nil|Standard|8' jump|L (9\half' tall, 12'+ long)|Animal|Neutral|Nil|Nil|Very rare|1--2|Nil|Nil|VII|2300\+12/hp
bull|Bull|||15|7|15"|4|2|1--6\?1--6|1--6\?1--6|Charge|Nil|Standard|Charge|L (5' at shoulder)|Semi-|Neutral|Nil|Nil|Common|1--20|Nil|Nil|III|85\+4/hp
camel_wild|Wild Camel|||16|7|21"|3|1|1--4|1--4|Spitting|Nil|Standard|Spitting|L|Animal to Semi-|Neutral|Nil|Nil|Common|1--12|Nil|Nil|II|50\+3/hp
carrion_crawler|Carrion Crawler|||16|3\,(7)|12"|3+1|8|Paralysis|Paralysis|Paralysis|Nil|Standard|Paralysis|L (9' long)|Non-|Neutral|Nil|Nil|Uncommon|1--6|50\%|B|VI|580\+4/hp
catoblepas|Catoblepas|Catoblepones||13|7|6"|6+2|1|1--6\+stun|1--6\+stun|Gaze causes death|Nil|Standard|Gaze causes death, stun|L (6' at shoulder)|Semi-|Neutral|Nil|Nil|Very rare|1--3|60\%|C|VI|700\+8/hp
cattle_wild|Wild Cattle|Wild Cattle||19/16/15|7|15"|1--4|1|1--4|1--4|Stampede|Nil|Standard|Stampede|L|Semi-|Neutral|Nil|Nil|Common|20--200|Nil|Nil|II|35\+3/hp
cattle_wild_1hd|Wild Cattle|Wild Cattle||19|7|15"|1|1|1--4|1--4|Stampede|Nil|Standard|Stampede|L|Semi-|Neutral|Nil|Nil|Common|20--200|Nil|Nil|I|10\+1/hp
cattle_wild_2hd|Wild Cattle|Wild Cattle||16|7|15"|2|1|1--4|1--4|Stampede|Nil|Standard|Stampede|L|Semi-|Neutral|Nil|Nil|Common|20--200|Nil|Nil|I|20\+2/hp
cattle_wild_3hd|Wild Cattle|Wild Cattle||16|7|15"|3|1|1--4|1--4|Stampede|Nil|Standard|Stampede|L|Semi-|Neutral|Nil|Nil|Common|20--200|Nil|Nil|II|35\+3/hp
cattle_wild_4hd|Wild Cattle|Wild Cattle||15|7|15"|4|1|1--4|1--4|Stampede|Nil|Standard|Stampede|L|Semi-|Neutral|Nil|Nil|Common|20--200|Nil|Nil|III|60\+4/hp
centaur|Centaur|||15|5\,(4)|18"|4|2|1--6\?1--6|1--6\?1--6|Human weapon|Nil|Standard|Human weapon|L|Low-Average|Neutral|Nil|Nil|Rare|4--24|5\%|M, Q1, with each; D, I, T in lair|III|85\+4/hp
centipede_giant|Giant Centipede|||20|9|15"|\sfrac{1}{4}|1|Nil|Nil|Poison|Nil|Standard|Poison|S (1'+)|Non-|Neutral|Nil|Nil|Common|2--24|Nil|Nil|II|30\+1/hp
cerebral_parasite|Cerebral Parasite|||-|n/a|n/a|n/a|0|0|0|Infestation|Not harmed except by cure disease|Standard|Infestation; Killed only by cure disease|S (flea-sized)|Non-|Neutral|Nil|Nil|Rare|3--12|Nil|Nil|I|nil
chimera|Chimera|||12|6\,(5/2)|9"/18"|9|6|1--3\?1--3\?1--4\?1--4\?2--8\?3--12|2\x1--3\?2\x1--4\?2--8\?3--12|Breath weapon|Nil|Standard|Breath weapon|L (4' at shoulder)|Semi-|Chaotic Evil|Nil|Nil|Rare|1--4|40\%|F|VII|1300\+12/hp
cockatrice|Cockatrice|||15|6|6"/18"|5|1|1--3|1--3|Touch turns to stone|Nil|Standard|Touch petrifies|S|Animal|Neutral|Nil|Nil|Uncommon|1--6|30\%|D|V|315\+5/hp
couatl|Couatl|||12|5|6"/18"|9|2|1--3\?2--8|1--3\?2--8|Poison, magic use|Become ethereal|Standard|Poison, magic use; Become ethereal|M (12' long)|Genius|Lawful Good|60--110|vary|Very rare|1--4|10\%|B, I|VII|2400\+12/hp
crab_giant|Giant Crab|||16|3|9"|3|2|2--8\?2--8|2--8\?2--8|Nil|Nil|Standard||L (4'+ dia.)|Non-|Neutral|Nil|Nil|Rare|2--12|Nil|Nil|II|35\+3/hp
crayfish_giant|Giant Crayfish|Giant Crayfishes||15|4|6"//12"|4+4|2|2--12\?2--12|2--12\?2--12|Nil|Nil|Standard||L (8'+ long)|Non-|Neutral|Nil|Nil|Uncommon|1--4|Nil|Nil|III|90\+5/hp
crocodile|Crocodile||Crocodile|16|5|6"//12"|3|2|2--8\?1--12|2--8\?1--12|Nil|Nil|Standard||L (8'--15' long)|Animal|Neutral|Nil|Nil|Common|3--24|Nil|Nil|II|35\+3/hp
crocodile_giant|Giant Crocodile||Crocodile|13|4|6"//12"|7|2|3--18\?2--20|3--18\?2--20|Nil|Nil|Standard||L (21'--30' long)|Animal|Neutral|Nil|Nil|Very rare to common|1 to 2--12|Nil|Nil|V|400\+8/hp
demogorgon|Demogorgon||Demon|7|-8|15"|200 hit points|3|1--6\?1--6\?special|1--6\?1--6|Energy drain, rotting, hypnosis, beguiling, insanity, magic use, psionics|+2 or better weapon to hit, MR 95\%|95\%|Energy drain, rotting, hypnosis, beguiling, insanity, magic use, psionics; +2 weapon to hit, MR 95\%|L (18' tall)|Supra-genius|Chaotic Evil|150/head|All/all|Very rare|1|50\%|R, S, T, V|X|67000\+35/hp
juiblex|Juiblex||Demon|7|-7|3"|88 hit points|1|4--40|4--40|Spew ochre-slime, magic use, psionics|+2 or better weapon to hit, MR 65\%|65\%|Spew ochre-slime, magic use, psionics; +2 weapon to hit, MR 65\%|L (9'+ tall)|Genius|Chaotic Evil|225|All/all|Very rare|1|60\%|P (\x2), R (\x2)|X|44200\+35/hp
manes|Manes|Manes|Demon|19|7|3"|1|3|1--2\?1--2\?1--4|2\x1--2\?1--4|Nil|+1 or better weapon to hit, resistant to spells as undead|Standard|+1 weapon to hit, resistant to spells as undead|S (3' tall)|Semi-|Chaotic Evil|Nil|Nil|Rare|4--16|Nil|Nil|I|18\+1/hp
orcus|Orcus||Demon|7\,(1)|-6|9"/18"|120 hit points|2|1--4\?3--13\?2--8|1--4\?3--13\?2--8|Poison (-4 on save), death wand, magic use, psionics|+3 or better weapon to hit, MR 85\%|85\%|Poison (-4 on save), death wand, magic use, psionics; +3 weapon to hit, MR 85\%|L (15' tall)|Supra-genius|Chaotic Evil|350|All/all|Very rare|1|50\%|P, S, T, U|X|58800\+35/hp
succubus|Succubus|Succubi|Demon|13|0|12"/18"|6|2|1--3\?1--3|1--3\?1--3|Energy drain, magic use, psionics|+1 or better weapon to hit, MR 70\%|70\%|Energy drain, magic use, psionics; +1 weapon to hit, MR 70\%|M (6' tall)|Exceptional|Chaotic Evil|200|D/G, I|Rare|1|5\%|I, Q|VII|2100\+6/hp
type_I_demon|Type I Demon||Demon|12|0|12"/18"|8|5|1--4\?1--4\?1--8\?1--8\?1--6|2\x1--4\?2\x1--8\?1--6|Magic use|MR 50\%|50\%|Magic use; MR 50\%|L (8\half' tall)|Low|Chaotic Evil|Nil|Nil|Common|1--6|5\%|B|VII|1275\+10/hp
type_II_demon|Type II Demon||Demon|12|-2|6"//12"|9|3|1--3\?1--3\?4--16|2\x1--3\?4--16|Magic use, psionics|MR 55\%|55\%|Magic use, psionics; MR 55\%|L (7'+ tall)|Low|Chaotic Evil|100|E/F, G|Common|1--6|10\%|C|VII|2000\+12/hp
type_III_demon|Type III Demon||Demon|10|-4|9"|10|5|2--12\?2--12\?1--3\?1--3\?2--5|2\x2--12\?2\x1--3\?2--5|Magic use, psionics|MR 60\%|60\%|Magic use, psionics; MR 60\%|L (9\half' tall)|Average|Chaotic Evil|100|E/F|Uncommon|1--6|15\%|D|VII|2400\+14/hp
type_IV_demon|Type IV Demon||Demon|8|-1|9"/12"|11|3|1--4\?1--4\?2--8|2\x1--4\?2--8|+2 to hit, magic use, psionics|+1 or better weapon to hit, MR 65\%|65\%|+2 to hit, magic use, psionics; +1 weapon to hit, MR 65\%|L (10\half'+ tall)|Very|Chaotic Evil|150|A, C, E/F, G, H|Uncommon|1--6|15\%|E|VII|3000\+16/hp
type_V_demon|Type V Demon||Demon|12|-7\,(-5)|12"|7+7|7|2--8\?6\x weapon|2--8\?6\x weapon|Magic use, psionics|+1 or better weapon to hit, MR 80\%|80\%|Magic use, psionics; +1 weapon to hit, MR 80\%|L (7' tall)|High|Chaotic Evil|130|A, E/F, G, H|Rare|1--6|10\%|G|VII|1900\+10/hp
type_VI_demon|Type VI Demon||Demon|12|-2|6"/16"|8+8|1|2--13|2--13|Whip \& flame for 2--12\?3--18\?4--24, magic use, psionics|+1 or better weapon to hit, MR 75\%|75\%|Whip \& immolate, magic use, psionics; +1 weapon to hit, MR 75\%|L (12' tall)|High|Chaotic Evil|180|A, B, C, E/F, G, H|Rare|1--6|20\%|F|VIII|3600\+12/hp
yeenoghu|Yeenoghu||Demon|7|-5|18"|100 hit points|1|3--18|3--18|Paralyzation \& confusion with flail, magic use, psionics|+1 or better weapon to hit, MR 80\%, regenerates 3hp/hr.|80\%|Paralyzation \& confusion with flail, magic use, psionics; +1 weapon to hit, MR 80\%, regen 3hp/hr.|L (12' tall)|Exceptional|Chaotic Evil|300|All/all|Very rare|1|35\%|C, G, I|X|51000\+35/hp
asmodeus|Asmodeus||Devil|7|-7|12"/24"|199 hit points|1|4--14|4--14|Rod, magic use, psionics|+3 or better weapon to hit, MR 90\%|90\%|Rod, magic use, psionics; +3 weapon to hit, MR 90\%|L (13\half' tall)|Supra-genius|Lawful Evil|366|All/all|Very rare|1|90\%|I, R, U, V|X|64000\+35/hp
baalzebul|Baalzebul||Devil|7|-5|9"/24"|166 hit points|1|2--12\+poison|2--12|Poison, magic use, psionics|+3 or better weapon to hit, MR 85\%|85\%|Poison, magic use, psionics; +3 weapon to hit, MR 85\%|L (12' tall)|Genius|Lawful Evil|313|All/all|Very rare|1|80\%|E, R, V|X|55600\+35/hp
barbed_devil|Barbed Devil|Barbed Devils|Devil|12|0|12"|8|3|2--8\?2--8\?3--12|2\x2--8\?3--12|Fear, magic use|Never surprised, MR 35\%|35\%|Fear, magic use; no surprise, MR 35\%|M (7' tall)|Very|Lawful Evil|Nil|Nil|Uncommon|1--2|50\%|Nil|VII|1625\+10/hp
bone_devil|Bone Devil|Bone Devils|Devil|12|-1|15"|9|1|3--12|3--12|Bone hook, tail (2--8\+1--4 STR points lost), magic use|MR 40\%|40\%|Bone hook, tail (2--8\+STR drain), magic use; MR 40\%|L (9\half' tall)|Very|Lawful Evil|Nil|Nil|Uncommon|1--2|55\%|Nil|VII|2800\+12/hp
dispater|Dispater||Devil|7|-2|15"|144 hit points|1|4--24|4--24|Rod, magic use, psionics|+2 or better weapon to hit, MR 80\%|80\%|Rod, magic use, psionics; +2 weapon to hit, MR 80\%|M (7' tall)|Genius|Lawful Evil|266|All/all|Very rare|1|80\%|Q (\x10), S|X|43000\+35/hp
erinyes|Erinyes|Erinyes|Devil|13|2|6"/21"|6+6|1|2--8|2--8|Pain poison, rope of entanglement, magic use|MR 30\%|30\%|Pain poison, rope of entanglement, magic use; MR 30\%|M (6' tall)|Average|Lawful Evil|Nil|Nil|Uncommon|1--3|20\%|R|VI|875\+8/hp
geryon|Geryon||Devil|7|-3|3"/18"|133 hit points|3|3--18\?3--18\?2--8|2\x3--18\?2--8|Poison, horn of minotaur summoning (5--20), magic use, psionics|+2 or better weapon to hit, MR 75\%|75\%|Poison, horn of minotaur summoning, magic use, psionics; +2 weapon to hit, MR 75\%|L (10' tall, 30' long)|Exceptional|Lawful Evil|213|All/all|Very rare|1|70\%|H, R|X|43400\+35/hp
horned_devil|Horned Devil|Horned Devils|Devil|13|-5|9"/18"|5+5|4 or +1 weapon|1--4\?1--4\?2--5\?1--3 or 1--3 and weapon|2\x1--4\?2--5\?1--3 or 1--3|Tail, spell use, fear, psionics, fork (2--12) or whip (1--4\+stun)|+1 or better weapon to hit, MR 50\%|50\%|Tail, spells, fear, psionics, weapons, stun; +1 weapon to hit, MR 50\%|L (9' tall)|High|Lawful Evil|113|B, C/F, G, H|Uncommon|1--2|55\%|I|VII|1100\+6/hp
ice_devil|Ice Devil|Ice Devils|Devil|10|-4|6"|11|4|1--4\?1--4\?2--8\?3--12|2\x1--4\?2--8\?3--12|Weapon, magic use, fear, psionics|+2 or better weapon to hit, regeneration, MR 55\%|55\%|Weapon, magic use, fear, psionics; +2 weapon to hit, regen, MR 55\%|L (10\half' tall)|High|Lawful Evil|166|C, D/F, G, H|Uncommon|1|60\%|Q, R|VIII|4400\+16/hp
lemure|Lemure||Devil|16|7|3"|3|1|1--3|1--3|Nil|Regeneration, spell immunity (charm, sleep, etc.)|Standard|Regeneration, charm/sleep immunity|M|Semi-|Lawful Evil|Nil|Nil|Common|5--30|100\%|Nil|III|65\+3/hp
pit_fiend|Pit Fiend||Devil|9|-3|6"/15"|13|2|5--8\?7--12|5--8\?7--12|Tail (2--8), magic use, psionics|+2 or better weapon to hit, regeneration, MR 65\%|65\%|Tail, magic use, psionics; +2 weapon to hit, regen, MR 65\%|L (12' tall)|Exceptional|Lawful Evil|213|A, C, E/G, H, I|Rare|1|65\%|J, R|IX|8000\+18/hp
anatosaurus|Anatosaurus||Dinosaur|9|5|12"|12|1|1--4|1--4|Nil|Nil|Standard||L (30'+ long)|Non-|Neutral|Nil|Nil|Common|2--12|Nil|Nil|VII|1300\+16/hp
ankylosaurus|Ankylosaurus||Dinosaur|12|0|6"|9|1|3--18|3--18|Nil|Nil|Standard||L (15'+ long)|Non-|Neutral|Nil|Nil|Uncommon|2--5|Nil|Nil|VI|900\+12/hp
antrodemus|Antrodemus||Dinosaur|8|5|15"|15|3|1--4\?1--4\?6--24|2\x1--4\?6--24|Nil|Nil|Standard||L (30' long)|Non-|Neutral|Nil|Nil|Uncommon|1--2|Nil|Nil|VII|2400\+20/hp
apatosaurus|Apatosaurus||Dinosaur|7|5|6"|30|1|3--18|3--18|Step on (4--40)|Nil|Standard|Step on (4--40)|L (70' long)|Non-|Neutral|Nil|Nil|Common|1--6|Nil|Nil|VIII|8000\+35/hp
archelon_ischyras|Archelon Ischyras||Dinosaur|13|3|3"//15"|7|1|3--12|3--12|Nil|Nil|Standard||L (12' dia.)|Non-|Neutral|Nil|Nil|Uncommon|1--4|Nil|Nil|IV|225\+8/hp
brachiosaurus|Brachiosaurus||Dinosaur|7|5|6"|36|1|5--20|5--20|Step on (8--80)|Nil|Standard|Step on (8--80)|L (60' long)|Non-|Neutral|Nil|Nil|Uncommon|1--6|Nil|Nil|VIII|8000\+35/hp
camarasaurus|Camarasaurus||Dinosaur|7|6|6"|20|1|3--12|3--12|Step on (3--30)|Nil|Standard|Step on (3--30)|L (50' long)|Non-|Neutral|Nil|Nil|Common|2--8|Nil|Nil|VIII|6500\+30/hp
ceratosaurus|Ceratosaurus||Dinosaur|12|5|15"|8|3|1--6\?1--6\?4--16|2\x1--6\?4--16|Nil|Nil|Standard||L (17' long)|Non-|Neutral|Nil|Nil|Uncommon|1--4|Nil|Nil|VI|375\+10/hp
cetiosaurus|Cetiosaurus||Dinosaur|7|6|6"|24|1|3--18|3--18|Step on (4--40)|Nil|Standard|Step on (4--40)|L (60' long)|Non-|Neutral|Nil|Nil|Uncommon|1--4|Nil|Nil|VIII|8000\+35/hp
dinichtys|Dinichtys||Dinosaur|10|7|21"|10|1|5--20|5--20|Swallowing whole|Nil|Standard|Swallowing whole|L (25'+ long)|Non-|Neutral|Nil|Nil|Common|1--4|Nil|Nil|VII|1500\+14/hp
diplodocus|Diplodocus||Dinosaur|7|6|6"|24|1|3--18|3--18|Step on (3--30)|Nil|Standard|Step on (3--30)|L (80' long)|Non-|Neutral|Nil|Nil|Common|1--6|Nil|Nil|VIII|8000\+35/hp
elasmosaurus|Elasmosaurus||Dinosaur|8|7|15"|15|1|4--24|4--24|Nil|Nil|Standard||L (50' long)|Non-|Neutral|Nil|Nil|Uncommon|1--2|Nil|Nil|VII|2400\+20/hp
gorgosaurus|Gorgosaurus||Dinosaur|9|5|15"|13|3|1--3\?1--3\?7--28|2\x1--3\?7--28|Nil|Nil|Standard||L (30' long)|Non-|Neutral|Nil|Nil|Uncommon|1--2|Nil|Nil|VII|1800\+18/hp
iguanadon|Iguanadon||Dinosaur|13|4|15"|6|3|1--3\?1--3\?2--8|2\x1--3\?2--8|Nil|Nil|Standard||L (30' long)|Non-|Neutral|Nil|Nil|Common|3--18|Nil|Nil|III|150\+6/hp
lambeosaurus|Lambeosaurus||Dinosaur|9|6|12"|12|1|2--12|2--12|Nil|Nil|Standard||L (20'+ long)|Non-|Neutral|Nil|Nil|Common|2--16|Nil|Nil|VII|1300\+16/hp
megalosaurus|Megalosaurus||Dinosaur|9|5|12"|12|1|3--18|3--18|Nil|Nil|Standard||L (25' long)|Non-|Neutral|Nil|Nil|Uncommon|1--2|Nil|Nil|VII|1300\+16/hp
monoclonius|Monoclonius||Dinosaur|12|3\,(4)|6"|8|1|2--16|2--16|Charge/trample (2--16)|Nil|Standard|Charge/trample (2--16)|L (18' long)|Non-|Neutral|Nil|Nil|Common|2--12|Nil|Nil|VI|550\+10/hp
mosasaurus|Mosasaurus||Dinosaur|9|7|3"//15"|12|1|4--32|4--32|Nil|Nil|Standard||L (50' long)|Non-|Neutral|Nil|Nil|Uncommon|1--3|Nil|Nil|VII|2150\+16/hp
paleoscincus|Paleoscincus||Dinosaur|12|-3|3"|9|1|2--12|2--12|Nil|Biting inflicts 3--12 hp on attacker|Standard|(3--12) if bitten|L (20' long)|Non-|Neutral|Nil|Nil|Uncommon|1--4|Nil|Nil|VII|1300\+12/hp
pentaceratops|Pentaceratops||Dinosaur|9|2\,(6)|9"|12|3|1--6\?1--10\?1--10|1--6\?2\x1--10|Charge/trample (2--20)|Nil|Standard|Charge/trample (2--20)|L (20'+ long)|Non-|Neutral|Nil|Nil|Common|2--12|Nil|Nil|VII|2000\+16/hp
plateosaurus|Plateosaurus||Dinosaur|12|5|12"|8|Nil|Nil|Nil|Nil|Nil|Standard||L (20'+ long)|Non-|Neutral|Nil|Nil|Common|5--20|Nil|Nil|V|375\+10/hp
plesiosaurus|Plesiosaurus||Dinosaur|7|7|15"|20|1|5--20|5--20|Flippers in water (2--12\?2--12)|Nil|Standard|Flippers in water (2--12\?2--12)|L (50'+ long)|Non-|Neutral|Nil|Nil|Common|1--3|Nil|Nil|IX|6500\+30/hp
pteranodon|Pteranodon||Dinosaur|16|7|3"/15"|3+3|1|2--8|2--8|Nil|Nil|Standard||L (30' wing spread)|Non-|Neutral|Nil|Nil|Common|3--18|Nil|Nil|III|60\+4/hp
stegosaurus|Stegosaurus||Dinosaur|7|2\,(5)|6"|18|1|5--20|5--20|Nil|Nil|Standard||L (25' long, 8'+ high)|Non-|Neutral|Nil|Nil|Common|2--8|Nil|Nil|VII|3000\+25/hp
styracosaurus|Styracosaurus||Dinosaur|10|2\,(4)|6"|10|1|2--16|2--16|Charge/trample (2--16)|Biting inflicts 1--6 to 3--18 hp|Standard|Charge/trample (2--16); 3\x1--6 if bitten|L (18' long)|Non-|Neutral|Nil|Nil|Common|2--8|Nil|Nil|VII|1950\+14/hp
teratosaurus|Teratosaurus||Dinosaur|10|5|18"|10|3|1--3\?1--3\?3--18|2\x1--3\?3--18|Nil|Nil|Standard||L (20' long, 9' tall)|Non-|Neutral|Nil|Nil|Uncommon|1--3|Nil|Nil|VI|900\+14/hp
triceratops|Triceratops||Dinosaur|7|2\,(6)|9"|16|3|1--8\?1--12\?1--12|1--8\?2\x1--12|Charge/trample (2--24)|Nil|Standard|Charge/trample (2--24)|L (24' long)|Non-|Neutral|Nil|Nil|Common|2--8|Nil|Nil|VIII|3650\+20/hp
tyrannosaurus_rex|Tyrannosaurus Rex||Dinosaur|7|5|15"|18|3|1--6\?1--6\?5--40|2\x1--6\?5--40|Swallowing whole|Nil|Standard|Swallowing whole|L (50' long, 20' high)|Non-|Neutral|Nil|Nil|Uncommon|1--2|Nil|Nil|IX|7000\+25/hp
displacer_beast|Displacer Beast|||13|4|15"|6|2|2--8\?2--8|2\x2--8|Nil|-2 on opponent's attack dice, save as Fighter 12 +2 on die|Special|opponents -2 to hit, save as Fighter 12 +2|L|Semi-|Neutral|Nil|Nil|Very rare|2--5|25\%|D|V|475\+6/hp
djinni|Djinni|Djinn||13|4|9"/24"|7+3|1|2--16|2--16|Whirlwind, magic use|Nil|Standard|Whirlwind, magic use|L (10\half' tall)|Average-high|Chaotic Good|Nil|Nil|Very rare|1|Nil|Nil|VI|725\+10/hp
djinni_noble|Noble Djinni|Noble Djinn||10|4|9"/24"|10|1|3--24|3--24|Whirlwind, magic use|Nil|Standard|Whirlwind, magic use|L (10\half' tall)|Average-high|Chaotic Good|Nil|Nil|Very rare|1|Nil|Nil|VII|1800\+14/hp
dog_war|War Dog||Dog|16|6|12"|2+2|1|2--8|2--8|Nil|Nil|Standard||M|Semi-|Neutral|Nil|Nil|Uncommon|1--4|Nil|Nil|II|35\+3/hp
dog_wild|Wild Dog||Dog|18|7|15"|1+1|1|1--4|1--4|Nil|Nil|Standard||S|Semi-|Neutral|Nil|Nil|Common|4--16|Nil|Nil|I|20\+2/hp
dolphin|Dolphin|||16|5|30"|2+2|1|2--8|2--8|Nil|Save as 4th level fighter|Standard|Save as Fighter 4|M|Very|Lawful Good|Nil|Nil|Uncommon|2--20|Nil|Nil|III|65\+3/hp
swordfish|Swordfish|Swordfishes||18|6|24"|1+1|1|2--12|2--12|Nil|Nil|Standard||L|Average|Neutral|Nil|Nil|Uncommon|2--5|Nil|Nil|I|20\+2/hp
narwhale|Narwhale|||15|6|21"|4+4|1|2--24|2--24|Nil|Nil|Standard||L|Average|Neutral|Nil|Nil|Uncommon|1--3|Nil|Nil|III|90\+5/hp
doppleganger|Doppleganger|||15|5|9"|4|1|1--12|1--12|Mutable form, surprise|ESP, immune to sleep and charm, save as 10th level ftr.|Special|Mutable form, surprise, ESP, sleep/charm immunity, save as Fighter 10|M|Very|Neutral|Nil|Nil|Very rare|3--12|20\%|E|V|330\+4/hp
dragon_black_small|Black Dragon||Dragon|13|3|12"/24"|6|3|1--4\?1--4\?3--18|2\x1--4\?3--18|Breath weapon, magic use|Nil|Standard|Breath weapon, magic use|L (30' long)|Average|Chaotic Evil|Nil|Nil|Uncommon|1--4|30\%|H|VI|550\+6/hp
dragon_black_average|Black Dragon||Dragon|13|3|12"/24"|7|3|1--4\?1--4\?3--18|2\x1--4\?3--18|Breath weapon, magic use|Nil|Standard|Breath weapon, magic use|L (30' long)|Average|Chaotic Evil|Nil|Nil|Uncommon|1--4|30\%|H|VI|825\+8/hp
dragon_black_huge|Black Dragon||Dragon|12|3|12"/24"|8|3|1--4\?1--4\?3--18|2\x1--4\?3--18|Breath weapon, magic use|Nil|Standard|Breath weapon, magic use|L (30' long)|Average|Chaotic Evil|Nil|Nil|Uncommon|1--4|30\%|H|VII|1275\+10/hp
dragon_blue_small|Blue Dragon||Dragon|12|2|9"/24"|8|3|1--6\?1--6\?3--24|2\x1--6\?3--24|Breath weapon, magic use|Nil|Standard|Breath weapon, magic use|L (42' long)|Very|Lawful Evil|Nil|Nil|Rare|1--4|50\%|H, S|VII|1275\+10/hp
dragon_blue_average|Blue Dragon||Dragon|12|2|9"/24"|9|3|1--6\?1--6\?3--24|2\x1--6\?3--24|Breath weapon, magic use|Nil|Standard|Breath weapon, magic use|L (42' long)|Very|Lawful Evil|Nil|Nil|Rare|1--4|50\%|H, S|VII|2000\+12/hp
dragon_blue_huge|Blue Dragon||Dragon|10|2|9"/24"|10|3|1--6\?1--6\?3--24|2\x1--6\?3--24|Breath weapon, magic use|Nil|Standard|Breath weapon, magic use|L (42' long)|Very|Lawful Evil|Nil|Nil|Rare|1--4|50\%|H, S|VII|3000\+14/hp
dragon_brass_small|Brass Dragon||Dragon|13|2|12"/24"|6|3|1--4\?1--4\?4--16|2\x1--4\?4--16|Breath weapon, magic use|Nil|Standard|Breath weapon, magic use|L (30' long)|High|Chaotic Good|Nil|Nil|Uncommon|1--4|25\%|H|VI|625\+6/hp
dragon_brass_average|Brass Dragon||Dragon|13|2|12"/24"|7|3|1--4\?1--4\?4--16|2\x1--4\?4--16|Breath weapon, magic use|Nil|Standard|Breath weapon, magic use|L (30' long)|High|Chaotic Good|Nil|Nil|Uncommon|1--4|25\%|H|VI|950\+8/hp
dragon_brass_huge|Brass Dragon||Dragon|12|2|12"/24"|8|3|1--4\?1--4\?4--16|2\x1--4\?4--16|Breath weapon, magic use|Nil|Standard|Breath weapon, magic use|L (30' long)|High|Chaotic Good|Nil|Nil|Uncommon|1--4|25\%|H|VII|1450\+10/hp
dragon_bronze_small|Bronze Dragon||Dragon|12|0|9"/24"|8|3|1--6\?1--6\?4--24|2\x1--6\?4--24|Breath weapon, magic use|Nil|Standard|Breath weapon, magic use|L (42' long)|Exceptional|Lawful Good|Nil|Nil|Rare|1--4|45\%|H, S, T|VII|1625\+10/hp
dragon_bronze_average|Bronze Dragon||Dragon|12|0|9"/24"|9|3|1--6\?1--6\?4--24|2\x1--6\?4--24|Breath weapon, magic use|Nil|Standard|Breath weapon, magic use|L (42' long)|Exceptional|Lawful Good|Nil|Nil|Rare|1--4|45\%|H, S, T|VII|2600\+12/hp
dragon_bronze_huge|Bronze Dragon||Dragon|10|0|9"/24"|10|3|1--6\?1--6\?4--24|2\x1--6\?4--24|Breath weapon, magic use|Nil|Standard|Breath weapon, magic use|L (42' long)|Exceptional|Lawful Good|Nil|Nil|Rare|1--4|45\%|H, S, T|VIII|3900\+14/hp
dragon_chromatic|Chromatic Dragon||Dragon|7|0|6"/18"|16 (128 hit points)|6|2--16\?3--18\?2--20\?3--24\?3--30\?1--6|2--16\?3--18\?2--20\?3--24\?3--30\?1--6|Poison sting, breath weapon, magic use|Nil|Standard|Poison sting, breath weapon, magic use|L (60' long)|Genius|Lawful Evil|Nil|Nil|Very rare|1|90\%|H, S, T, U|X|61020\+20/hp
dragon_copper_small|Copper Dragon||Dragon|13|1|9"/24"|7|3|1--4\?1--4\?5--20|2\x1--4\?5--20|Breath weapon, magic use|Nil|Standard|Breath weapon, magic use|L (36' long)|High|Chaotic Good|Nil|Nil|Uncommon|1--4|35\%|H, S|VI|950\+8/hp
dragon_copper_average|Copper Dragon||Dragon|12|1|9"/24"|8|3|1--4\?1--4\?5--20|2\x1--4\?5--20|Breath weapon, magic use|Nil|Standard|Breath weapon, magic use|L (36' long)|High|Chaotic Good|Nil|Nil|Uncommon|1--4|35\%|H, S|VII|1450\+10/hp
dragon_copper_huge|Copper Dragon||Dragon|12|1|9"/24"|9|3|1--4\?1--4\?5--20|2\x1--4\?5--20|Breath weapon, magic use|Nil|Standard|Breath weapon, magic use|L (36' long)|High|Chaotic Good|Nil|Nil|Uncommon|1--4|35\%|H, S|VII|2300\+12/hp
dragon_gold_small|Gold Dragon||Dragon|10|-2|12"/30"|10|3|1--8\?1--8\?6--36|2\x1--8\?6--36|Breath weapon, magic use|Nil|Standard|Breath weapon, magic use|L (54' long)|Genius|Lawful Good|Nil|Nil|Very rare|1--3|65\%|H, R, S, T|VIII|4500\+14/hp
dragon_gold_average|Gold Dragon||Dragon|10|-2|12"/30"|11|3|1--8\?1--8\?6--36|2\x1--8\?6--36|Breath weapon, magic use|Nil|Standard|Breath weapon, magic use|L (54' long)|Genius|Lawful Good|Nil|Nil|Very rare|1--3|65\%|H, R, S, T|IX|6650\+16/hp
dragon_gold_huge|Gold Dragon||Dragon|9|-2|12"/30"|12|3|1--8\?1--8\?6--36|2\x1--8\?6--36|Breath weapon, magic use|Nil|Standard|Breath weapon, magic use|L (54' long)|Genius|Lawful Good|Nil|Nil|Very rare|1--3|65\%|H, R, S, T|IX|6650\+16/hp
dragon_green_small|Green Dragon||Dragon|13|2|9"/24"|7|3|1--6\?1--6\?2--20|2\x1--6\?2--20|Breath weapon, magic use|Nil|Standard|Breath weapon, magic use|L (36' long)|Average-very|Lawful Evil|Nil|Nil|Rare|1--4|40\%|H|VI|825\+8/hp
dragon_green_average|Green Dragon||Dragon|12|2|9"/24"|8|3|1--6\?1--6\?2--20|2\x1--6\?2--20|Breath weapon, magic use|Nil|Standard|Breath weapon, magic use|L (36' long)|Average-very|Lawful Evil|Nil|Nil|Rare|1--4|40\%|H|VII|1275\+10/hp
dragon_green_huge|Green Dragon||Dragon|12|2|9"/24"|9|3|1--6\?1--6\?2--20|2\x1--6\?2--20|Breath weapon, magic use|Nil|Standard|Breath weapon, magic use|L (36' long)|Average-very|Lawful Evil|Nil|Nil|Rare|1--4|40\%|H|VII|2000\+12/hp
dragon_platinum|Platinum Dragon||Dragon|7|-3|9"/30"|21 (168 hit points)|3|2--12\?2--12\?6--48|2\x2--12\?6--48|Breath weapon, magic use|Nil|Standard|Breath weapon, magic use|L (72' long)|Supra-genius|Lawful Good|Nil|Nil|Very rare|1|75\%|H, I, R, S, T, V|X|52200\+35/hp
dragon_red_small|Red Dragon||Dragon|12|-1|9"/24"|9|3|1--8\?1--8\?3--30|2\x1--8\?3--30|Breath weapon, magic use|Nil|Standard|Breath weapon, magic use|L (48' long)|Exceptional|Chaotic Evil|Nil|Nil|Rare|1--4|60\%|H, S, T|VII|3000\+12/hp
dragon_red_average|Red Dragon||Dragon|10|-1|9"/24"|10|3|1--8\?1--8\?3--30|2\x1--8\?3--30|Breath weapon, magic use|Nil|Standard|Breath weapon, magic use|L (48' long)|Exceptional|Chaotic Evil|Nil|Nil|Rare|1--4|60\%|H, S, T|VIII|4500\+14/hp
dragon_red_huge|Red Dragon||Dragon|10|-1|9"/24"|11|3|1--8\?1--8\?3--30|2\x1--8\?3--30|Breath weapon, magic use|Nil|Standard|Breath weapon, magic use|L (48' long)|Exceptional|Chaotic Evil|Nil|Nil|Rare|1--4|60\%|H, S, T|IX|6650\+16/hp
dragon_silver_small|Silver Dragon||Dragon|12|-1|9"/24"|9|3|1--6\?1--6\?5--30|2\x1--6\?5--30|Breath weapon, magic use|Nil|Standard|Breath weapon, magic use|L (48' long)|Exceptional|Lawful Good|Nil|Nil|Very rare|1--4|55\%|H, T|VII|3000\+12/hp
dragon_silver_average|Silver Dragon||Dragon|10|-1|9"/24"|10|3|1--6\?1--6\?5--30|2\x1--6\?5--30|Breath weapon, magic use|Nil|Standard|Breath weapon, magic use|L (48' long)|Exceptional|Lawful Good|Nil|Nil|Very rare|1--4|55\%|H, T|VIII|4500\+14/hp
dragon_silver_huge|Silver Dragon||Dragon|10|-1|9"/24"|11|3|1--6\?1--6\?5--30|2\x1--6\?5--30|Breath weapon, magic use|Nil|Standard|Breath weapon, magic use|L (48' long)|Exceptional|Lawful Good|Nil|Nil|Very rare|1--4|55\%|H, T|IX|6650\+16/hp
dragon_white_small|White Dragon||Dragon|15|3|12"/30"|5|3|1--4\?1--4\?2--16|2\x1--4\?2--16|Breath weapon, magic use|Nil|Standard|Breath weapon, magic use|L (24' long)|Average-low|Chaotic Evil|Nil|Nil|Uncommon|1--4|20\%|E, O, S|V|320\+5/hp
dragon_white_average|White Dragon||Dragon|13|3|12"/30"|6|3|1--4\?1--4\?2--16|2\x1--4\?2--16|Breath weapon, magic use|Nil|Standard|Breath weapon, magic use|L (24' long)|Average-low|Chaotic Evil|Nil|Nil|Uncommon|1--4|20\%|E, O, S|VI|550\+6/hp
dragon_white_huge|White Dragon||Dragon|13|3|12"/30"|7|3|1--4\?1--4\?2--16|2\x1--4\?2--16|Breath weapon, magic use|Nil|Standard|Breath weapon, magic use|L (24' long)|Average-low|Chaotic Evil|Nil|Nil|Uncommon|1--4|20\%|E, O, S|VI|825\+8/hp
dragonne|Dragonne|||12|6\,(2)|15"/9"|9|3|1--8\?1--8\?3--18|2\x1--8\?3--18|Roar|Nil|Standard|Roar|L (5' at shoulder)|Low|Neutral|Nil|Nil|Very rare|1|40\%|B, S, T|VII|1400\+12/hp
dragon_turtle_small|Dragon Turtle|||9|0|3"//9"|12|3|2--12\?2--12\?4--32|2\x2--12\?4--32|Breath weapon, capsizing|Nil|Standard|Breath weapon, capsizing|L (up to 30' dia.)|Very|Neutral|Nil|Nil|Very rare|1|5\%|B, R, S, T, V|VIII|5250\+16/hp
dragon_turtle_average|Dragon Turtle|||9|0|3"//9"|13|3|2--12\?2--12\?4--32|2\x2--12\?4--32|Breath weapon, capsizing|Nil|Standard|Breath weapon, capsizing|L (up to 30' dia.)|Very|Neutral|Nil|Nil|Very rare|1|5\%|B, R, S, T, V|IX|7300\+18/hp
dragon_turtle_huge|Dragon Turtle|||8|0|3"//9"|14|3|2--12\?2--12\?4--32|2\x2--12\?4--32|Breath weapon, capsizing|Nil|Standard|Breath weapon, capsizing|L (up to 30' dia.)|Very|Neutral|Nil|Nil|Very rare|1|5\%|B, R, S, T, V|IX|7300\+18/hp
dryad|Dryad|||16|9|12"|2|1|Dagger|Dagger|Charm|Magic use|50\%|Charm, magic use|M|High|Neutral|Nil|Nil|Very rare|1--6|10\%|M (\x100), Q (\x10)|III|73\+2/hp
dwarf|Dwarf|Dwarves||19|4|6"|1|1|1--8 or by weapon|1--8|+1 against orcs, goblins, hobgoblins|ogres, trolls, giants -4 to hit; save magic\?poison at 4 levels higher|Special|+1 against orcs, goblins, hobgoblins; ogres, trolls, giants -4 to hit; save magic\?poison at 4 levels higher|S (4'+ tall)|Very|Lawful Good|Nil*|Nil*|Common|40--400|50\%|Individuals M (\x5); G, Q (\x20), R|III|14\+1/hp
dwarf_mountain|Mountain Dwarf|Mountain Dwarves||18|4|6"|1+1|1|1--8 or by weapon|1--8|+1 against orcs, goblins, hobgoblins|ogres, trolls, giants -4 to hit; save magic\?poison at 4 levels higher|Special|+1 against orcs, goblins, hobgoblins; ogres, trolls, giants -4 to hit; save magic\?poison at 4 levels higher|S (4\half'+ tall)|Very|Lawful Good|Nil*|Nil*|Common|40--400|50\%|Individuals M (\x5); G, Q (\x20), R|III|28\+2/hp
eagle_giant|Giant Eagle|||15|7|3"/48"|4|3|1--6\?1--6\?2--12|1--6\?1--6\?2--12|Diving (+4 to hit, 2\x2--12)|Eyesight|Standard|Diving (+4 to hit, 2\x2--12); eyesight|M (20' wing spread)|Average|Neutral|Nil|Nil|Rare|1--20|20\%|Q, C (magic only)|III|150\+4/hp
ear_seeker|Ear Seeker|||20|9|1"|\sfrac{1}{8}|1|Lay eggs in ear|special|Nil|Nil|Standard||S (about \sfrac{1}{8}" long)|Non-|Neutral|Nil|Nil|Very rare|1--4|90\%|Nil|II|30\+1/hp
eel_electric|Electric Eel||Eel|16|9|12"|2|1|1--3|1--3|Jolt (1, 2, or 3D8)|Nil|Standard|Jolt (1, 2, or 3D8)|M (9' long)|Non-|Neutral|Nil|Nil|Rare|1--3|Nil|Nil|III|65\+2/hp
eel_giant|Giant Eel||Eel|15|6|9"|5|1|3--18|3--18|Nil|Nil|Standard||M (20' long)|Non-|Neutral|Nil|Nil|Uncommon|1--4|Nil|Nil|II|90\+5/hp
eel_weed|Weed Eel||Eel|20|8|15"|1-1|1|1|1|Poison|Camouflage|Standard|Poison|S (6' long)|Non-|Neutral|Nil|Nil|Very rare|10--60|100\%|O, P, R|III|49\+1/hp
efreeti|Efreeti|Efreet||10|2|9"//24"|10|1|3--24|3--24|Magic use|Resist fire damage|Standard|Magic use; resist fire damage|L (12' tall)|Very|Neutral|Nil|Nil|Very rare|1|Nil|Nil|VII|1950\+14/hp
elemental_air|Air Elemental||Elemental|12/9/7|2|36"|8/12/16|1|2--20|2--20|Whirlwind|Hit only by +2 weapons|Standard|Whirlwind; Hit only by +2 weapons|L|Low|Neutral|Nil|Nil|Very rare|1|Nil|Nil|VII|2850\+16/hp
elemental_air_8hd|Air Elemental||Elemental|12|2|36"|8|1|2--20|2--20|Whirlwind|Hit only by +2 weapons|Standard|Whirlwind; Hit only by +2 weapons|L|Low|Neutral|Nil|Nil|Very rare|1|Nil|Nil|VI|825\+10/hp
elemental_air_12hd|Air Elemental||Elemental|9|2|36"|12|1|2--20|2--20|Whirlwind|Hit only by +2 weapons|Standard|Whirlwind; Hit only by +2 weapons|L|Low|Neutral|Nil|Nil|Very rare|1|Nil|Nil|VII|2850\+16/hp
elemental_air_16hd|Air Elemental||Elemental|7|2|36"|16|1|2--20|2--20|Whirlwind|Hit only by +2 weapons|Standard|Whirlwind; Hit only by +2 weapons|L|Low|Neutral|Nil|Nil|Very rare|1|Nil|Nil|VIII|5250\+20/hp
elemental_earth|Earth Elemental||Elemental|12/9/7|2|6"|8/12/16|1|4--32|4--32|Full damage on land|Hit only by +2 weapons|Standard|Full damage on land; Hit only by +2 weapons|L|Low|Neutral|Nil|Nil|Very rare|1|Nil|Nil|VII|2850\+16/hp
elemental_earth_8hd|Earth Elemental||Elemental|12|2|6"|8|1|4--32|4--32|Full damage on land|Hit only by +2 weapons|Standard|Full damage on land; Hit only by +2 weapons|L|Low|Neutral|Nil|Nil|Very rare|1|Nil|Nil|VI|825\+10/hp
elemental_earth_12hd|Earth Elemental||Elemental|9|2|6"|12|1|4--32|4--32|Full damage on land|Hit only by +2 weapons|Standard|Full damage on land; Hit only by +2 weapons|L|Low|Neutral|Nil|Nil|Very rare|1|Nil|Nil|VII|2850\+16/hp
elemental_earth_16hd|Earth Elemental||Elemental|7|2|6"|16|1|4--32|4--32|Full damage on land|Hit only by +2 weapons|Standard|Full damage on land; Hit only by +2 weapons|L|Low|Neutral|Nil|Nil|Very rare|1|Nil|Nil|VIII|5250\+20/hp
elemental_fire|Fire Elemental||Elemental|12/9/7|2|12"|8/12/16|1|3--24|3--24|Burn inflammables|Hit only by +2 weapons|Standard|Burn inflammables; Hit only by +2 weapons|L|Low|Neutral|Nil|Nil|Very rare|1|Nil|Nil|VII|2850\+16/hp
elemental_fire_8hd|Fire Elemental||Elemental|12|2|12"|8|1|3--24|3--24|Burn inflammables|Hit only by +2 weapons|Standard|Burn inflammables; Hit only by +2 weapons|L|Low|Neutral|Nil|Nil|Very rare|1|Nil|Nil|VI|825\+10/hp
elemental_fire_12hd|Fire Elemental||Elemental|9|2|12"|12|1|3--24|3--24|Burn inflammables|Hit only by +2 weapons|Standard|Burn inflammables; Hit only by +2 weapons|L|Low|Neutral|Nil|Nil|Very rare|1|Nil|Nil|VII|2850\+16/hp
elemental_fire_16hd|Fire Elemental||Elemental|7|2|12"|16|1|3--24|3--24|Burn inflammables|Hit only by +2 weapons|Standard|Burn inflammables; Hit only by +2 weapons|L|Low|Neutral|Nil|Nil|Very rare|1|Nil|Nil|VIII|5250\+20/hp
elemental_water|Water Elemental||Elemental|12/9/7|2|6"//18"|8/12/16|1|5--30|5--30|Affect seacraft|Hit only by +2 weapons|Standard|Affect seacraft; Hit only by +2 weapons|L|Low|Neutral|Nil|Nil|Very rare|1|Nil|Nil|VII|2850\+16/hp
elemental_water_8hd|Water Elemental||Elemental|12|2|6"//18"|8|1|5--30|5--30|Affect seacraft|Hit only by +2 weapons|Standard|Affect seacraft; Hit only by +2 weapons|L|Low|Neutral|Nil|Nil|Very rare|1|Nil|Nil|VI|825\+10/hp
elemental_water_12hd|Water Elemental||Elemental|9|2|6"//18"|12|1|5--30|5--30|Affect seacraft|Hit only by +2 weapons|Standard|Affect seacraft; Hit only by +2 weapons|L|Low|Neutral|Nil|Nil|Very rare|1|Nil|Nil|VII|2850\+16/hp
elemental_water_16hd|Water Elemental||Elemental|7|2|6"//18"|16|1|5--30|5--30|Affect seacraft|Hit only by +2 weapons|Standard|Affect seacraft; Hit only by +2 weapons|L|Low|Neutral|Nil|Nil|Very rare|1|Nil|Nil|VIII|5250\+20/hp
elephant|Elephant||Elephant|10|6|12"|10|5|5\x2--12|5\x2--12|Nil|Nil|Standard||L (9'+ tall)|Semi-|Neutral|Nil|Nil|Common|1--20|Nil|Nil|VII|1500\+14/hp
elephant_asiatic|Asiatic Elephant||Elephant|10|6|12"|10|5|5\x2--12|5\x2--12|Nil|Nil|Standard||L (9'+ tall)|Semi-|Neutral|Nil|Nil|Common|1--20|Nil|Nil|VII|1500\+14/hp
elephant_african|African Elephant||Elephant|10|6|15"|11|5|2\x2--16\?3\x2--12|2\x2--16\?3\x2--12|Nil|Nil|Standard||L (11'+ tall)|Semi-|Neutral|Nil|Nil|Common|1--12|Nil|Nil|VII|2150\+16/hp
loxodont|Loxodont||Elephant|10|6|15"|11|5|2\x2--16\?3\x2--12|2\x2--16\?3\x2--12|Nil|Nil|Standard||L (11'+ tall)|Semi-|Neutral|Nil|Nil|Common|1--12|Nil|Nil|VII|2150\+16/hp
elf|Elf|Elves||18|5|12"|1+1|1|1--10 or by weapon|1--10|+1 to hit with bow or sword, surprise \sfrac{2}{3}|90\% resistance to charm and sleep|Special|+1 to hit with bow or sword, surprise \sfrac{2}{3}; 90\% resistance to charm and sleep|M (5'+ tall)|High|Chaotic Good|Nil|Nil|Uncommon|20--200|10\%|Individuals N; G, S, T in lair|II|44\+2/hp
ettin|Ettin|||10|3|12"|10|2|2--16\?3--18|2--16\?3--18|Nil|Surprised only on a 1|Standard|Surprised only on a 1|L (13'+ tall)|Low|Chaotic Evil|Nil|Nil|Very rare|1--4|20\%|Individuals O; C, Y in lair|VII|1950\+14/hp
eye_floating|Floating Eye|||20|9|30"|\sfrac{1}{2}|Nil|Nil|Nil|Hypnotism|Nil|Standard|Hypnotism|S (1' long)|Non-|Neutral|Nil|Nil|Rare|1--12|Nil|Nil|II|30\+1/hp
eye_of_the_deep|Eye of the Deep|Eyes of the Deep||10/9|5|6"|10--12|3|2--8\?2--8\?1--6|2\x2--8\?1--6|Stunning, magic use|Nil|Standard|Stunning, magic use|L (3'--5' dia.)|Very|Lawful Evil|Nil|Nil|Very rare|1|20\%|R|VIII|3700\+16/hp
eye_of_the_deep_10hd|Eye of the Deep|Eyes of the Deep||10|5|6"|10|3|2--8\?2--8\?1--6|2\x2--8\?1--6|Stunning, magic use|Nil|Standard|Stunning, magic use|L (3' dia.)|Very|Lawful Evil|Nil|Nil|Very rare|1|20\%|R|VII|2550\+14/hp
eye_of_the_deep_11hd|Eye of the Deep|Eyes of the Deep||10|5|6"|11|3|2--8\?2--8\?1--6|2\x2--8\?1--6|Stunning, magic use|Nil|Standard|Stunning, magic use|L (4' dia.)|Very|Lawful Evil|Nil|Nil|Very rare|1|20\%|R|VIII|3700\+16/hp
eye_of_the_deep_12hd|Eye of the Deep|Eyes of the Deep||9|5|6"|12|3|2--8\?2--8\?1--6|2\x2--8\?1--6|Stunning, magic use|Nil|Standard|Stunning, magic use|L (5' dia.)|Very|Lawful Evil|Nil|Nil|Very rare|1|20\%|R|VIII|3700\+16/hp
flightless_bird|Flightless Bird|Flightless Birds|Bird|19--16|7|18"|1--3|1 or 1|1--4 or 2--8|1--4 or 2--8|Nil|Nil|Standard|Non-aggressive; Peck 1--4 or Kick 2--8 when cornered|M (rhea to ostrich)|Animal|Neutral|Nil|Nil|Common|2--20|Nil|Nil|I|20\+2/hp
flightless_bird_1hd|Flightless Bird||Bird|19|7|18"|1|1 or 1|1--4 or 2--8|1--4 or 2--8|Nil|Nil|Standard|Non-aggressive; Peck 1--4 or Kick 2--8 when cornered|M (rhea-sized)|Animal|Neutral|Nil|Nil|Common|2--20|Nil|Nil|I|10\+1/hp
flightless_bird_2hd|Flightless Bird||Bird|16|7|18"|2|1 or 1|1--4 or 2--8|1--4 or 2--8|Nil|Nil|Standard|Non-aggressive; Peck 1--4 or Kick 2--8 when cornered|M (emu-sized)|Animal|Neutral|Nil|Nil|Common|2--20|Nil|Nil|I|20\+2/hp
flightless_bird_3hd|Flightless Bird||Bird|16|7|18"|3|1 or 1|1--4 or 2--8|1--4 or 2--8|Nil|Nil|Standard|Non-aggressive; Peck 1--4 or Kick 2--8 when cornered|M (ostrich-sized)|Animal|Neutral|Nil|Nil|Common|2--20|Nil|Nil|II|35\+3/hp
ostrich|Ostrich|Ostriches|Flightless Bird|16|7|18"|3|1 or 1|1--4 or 2--8|1--4 or 2--8|Nil|Nil|Standard|Non-aggressive; Peck 1--4 or Kick 2--8 when cornered|M (ostrich-sized)|Animal|Neutral|Nil|Nil|Common|2--20|Nil|Nil|II|35\+3/hp
emu|Emu|Emus|Flightless Bird|16|7|18"|2|1 or 1|1--4 or 2--8|1--4 or 2--8|Nil|Nil|Standard|Non-aggressive; Peck 1--4 or Kick 2--8 when cornered|M (emu-sized)|Animal|Neutral|Nil|Nil|Common|2--20|Nil|Nil|I|20\+2/hp
rhea|Rhea|Rheas|Flightless Bird|19|7|18"|1|1 or 1|1--4 or 2--8|1--4 or 2--8|Nil|Nil|Standard|Non-aggressive; Peck 1--4 or Kick 2--8 when cornered|M (rhea-sized)|Animal|Neutral|Nil|Nil|Common|2--20|Nil|Nil|I|10\+1/hp
fungus_violet|Violet Fungus|Violet Fungi|Fungus|16|7|1"|3|1--4|Rotting touch|Rotting touch|Rotting poison|Nil|Standard|Rotting touch rots flesh in 1 round (save vs poison)|S to M (4'--7')|Non-|Neutral|Nil|Nil|Rare|1--4|Nil|Nil|III|105\+3/hp
frog_giant|Giant Frog||Frog|19--16|7|3"//9"|1--3|1|1--3/1--6/2--8|1--3/1--6/2--8|Surprise on 1--4; Tongue attack +4 to pull opponent in and do max damage|Nil|Standard|Surprise on 1--4; Sticky tongue|S to M|Non-|Neutral|Nil|Nil|Uncommon|5--40|Nil|Nil|II|65\+2/hp
frog_giant_1hd|Giant Frog||Frog|19|7|3"//9"|1|1|1--3|1--3|Surprise on 1--4; Tongue attack +4 to pull opponent in and do max damage|Nil|Standard|Surprise on 1--4; Sticky tongue|S|Non-|Neutral|Nil|Nil|Uncommon|5--40|Nil|Nil|II|45\+1/hp
frog_giant_2hd|Giant Frog||Frog|16|7|3"//9"|2|1|1--6|1--6|Surprise on 1--4; Tongue attack +4 to pull opponent in and do max damage|Nil|Standard|Surprise on 1--4; Sticky tongue|M|Non-|Neutral|Nil|Nil|Uncommon|5--40|Nil|Nil|II|65\+2/hp
frog_giant_3hd|Giant Frog||Frog|16|7|3"//9"|3|1|2--8|2--8|Surprise on 1--4; Tongue attack +4 to pull opponent in and do max damage|Nil|Standard|Surprise on 1--4; Sticky tongue|S to M|Non-|Neutral|Nil|Nil|Uncommon|5--40|Nil|Nil|II|90\+3/hp
frog_killer|Killer Frog||Frog|16|8|6"//12"|1+4|3|1--2\?1--2\?2--5|2\x1--2\?2--5|Surprise on 1--4; jump|Nil|Standard|Surprise on 1--4; jump|S|Non-|Neutral|Nil|Nil|Very rare|3--18|Nil|Nil|II|36\+2/hp
frog_poisonous|Poisonous Frog||Frog|19|8|3"//9"|1|1|1|1|Poison (\+4 on save)|Nil|Standard|Poison (\+4 on save)|S|Non-|Neutral|Nil|Nil|Rare|2--12|Nil|Nil|II|45\+1/hp
gar_giant|Giant Gar|||12|3|30"|8|1|5--20|5--20|Swallow whole|Nil|Standard|Swallow whole|L (21'--30' long)|Non-|Neutral|Nil|Nil|Rare|1--6|Nil|Nil|VI|650\+10/hp
gargoyle|Gargoyle|||15|5|9"/15"|4+4|4|1--3\?1--3\?1--6\?1--4|2\x1--3\?1--6\?1--4|Nil|+1 or better weapon to hit|Standard|Magic weapon to hit|M|Low|Chaotic Evil|Nil|Nil|Uncommon|2--16|20\%|Individuals M (\x10); C in lair|IV|170\+5/hp
gas_spore|Gas Spore|||20|9|3"|1 hit point|1|Special|Special|Touch causes infestation|Explodes for 6--36 when struck|Standard|Touch causes infestation; Explodes for 6--36 when struck|L|Non-|Neutral|Nil|Nil|Rare|1--3|Nil|Nil|II|33
gelatinous_cube|Gelatinous Cube|||15|8|6"|4|1|2--8|2--8|Paralyzation, surprise on 1--3|Immune to electricity, fear, hold, paralyzation, polymorph and sleep|Special|Paralyzation, surprise on 1--3; Immune to electricity, fear, hold, paralyzation, polymorph and sleep|L (10' cube)|Non-|Neutral|Nil|Nil|Uncommon|1|Nil|J, K, L, M, N, Q, possible magic|III|150\+4/hp
ghast|Ghast|||15|4|15"|4|3|1--4\?1--4\?1--8|2\x1--4\?1--8|Nausea, paralyzation|Immune to sleep and charm|Standard|Nausea, paralyzation; Immune to sleep and charm|M|Very|Chaotic Evil|Nil|Nil|Rare|1--6|10\%|B, Q, R, S, T|IV|190\+4/hp
ghost|Ghost|||10|0\,(8)|9"|10|1|Age 10--40 years|Age 10--40 years|Age 10 years and panic, age 10--40 years per touch, magic jar|Ethereal versus weapons and spells; silver does half damage|Special|Age and panic, magic jar; Ethereal versus weapons and spells, silver does half damage|M|High|Lawful Evil|Nil|Nil|Very rare|1|25\%|E, S|VIII|4050\+14/hp
ghoul|Ghoul|||16|6|9"|2|3|1--3\?1--3\?1--6|2\x1--3\?1--6|Paralyzation|Immune to sleep and charm|Standard|Paralyzation; Immune to sleep and charm|M|Low|Chaotic Evil|Nil|Nil|Uncommon|2--24|20\%|B, T|III|65\+2/hp
giant_cloud|Cloud Giant||Giant|9|2|15"|12+2--7|1|6--36|6--36|Hurl rocks (2--24)|Surprised only on 1|Standard|Hurl rocks (2--24); Surprised only on 1|L (18' tall)|Average to Very|Neutral|Nil|Nil|Rare|1--6|40\%|E, Q (\x5)|VIII|4250\+16/hp
giant_fire|Fire Giant||Giant|10\?9|3|12"|11+2--5|1|5--30|5--30|Hurl rocks (2--20)|Impervious to fire|Standard|Hurl rocks (2--20); Impervious to fire|L (12' tall)|Average to Low|Lawful Evil|Nil|Nil|Uncommon|1--8|35\%|E|VII|2700\+16/hp
giant_frost|Frost Giant||Giant|10|4|12"|10+1--4|1|4--24|4--24|Hurl rocks (2--20)|Impervious to cold|Standard|Hurl rocks (2--20); Impervious to cold|L (15' tall)|Average to Low|Chaotic Evil|Nil|Nil|Rare|1--8|30\%|E|VII|2250\+14/hp
giant_hill|Hill Giant||Giant|12|4|12"|8+1--2|1|2--16|2--16|Hurl rocks (2--16)|Catch similar missiles 30\%|Standard|Hurl rocks (2--16); Catch similar missiles 30\%|L (10\half' tall)|Low|Chaotic Evil|Nil|Nil|Common|1--10|25\%|D|VII|1200\+12/hp
giant_stone|Stone Giant||Giant|12|0|12"|9+1--3|1|3--18|3--18|Hurl rocks (3--30)|Camouflage, catch similar missiles 90\%|Standard|Hurl rocks (3--30); Camouflage, catch similar missiles 90\%|L (12' tall)|Average|Neutral|Nil|Nil|Uncommon|1--8|30\%|D|VII|1800\+14/hp
giant_storm|Storm Giant||Giant|8\?7|1|15"|15+2--7|1|7--42|7--42|Magic use|Impervious to electricity|Standard|Magic use; Impervious to electricity|L (21' tall)|Exceptional|Chaotic Good|Nil|Nil|Rare|1--4|55\%|E, Q (\x10), S|IX|6850\+20/hp
gnoll|Gnoll|||16|5|9"|2|1|2--8 or by weapon|2--8|Nil|Nil|Standard||L (7'+ tall)|Low-average|Chaotic Evil|Nil|Nil|Uncommon|20--200|20\%|Individuals L, M; D, Q (\x5), S in lair|II|28\+2/hp
gnoll_leader|Gnoll Leader|||16|5|9"|2 (16 hp)|1|2--8 or by weapon|2--8|Nil|Nil|Standard|Attacks as a 3 HD creature|L (7'+ tall)|Low-average|Chaotic Evil|Nil|Nil|Uncommon|20--200|20\%|Individuals L, M; D, Q (\x5), S in lair|II|28\+2/hp
gnoll_chieftain|Gnoll Chieftain|||15|3|9"|2 (22 hp)|1|4--10 or by weapon|4--10|Nil|Nil|Standard|Attacks as a 4 HD creature|L (7'+ tall)|Low-average|Chaotic Evil|Nil|Nil|Uncommon|20--200|20\%|Individuals L, M; D, Q (\x5), S in lair|II|28\+2/hp
gnoll_guard|Gnoll Guard|||16|4|9"|2 (20 hp)|1|3--9 or by weapon|3--9|Nil|Nil|Standard|Attacks as a 3 HD creature|L (7'+ tall)|Low-average|Chaotic Evil|Nil|Nil|Uncommon|20--200|20\%|Individuals L, M; D, Q (\x5), S in lair|II|28\+2/hp
gnome|Gnome|||19|5|6"|1|1|1--6 or by weapon|1--6|+1 against kobolds, goblins|Gnolls, bugbears, ogres, trolls giants -4 to hit; save magic\?poison at 4 levels higher|Special|+1 against kobolds, goblins; Gnolls, bugbears, ogres, trolls giants -4 to hit; save magic\?poison at 4 levels higher|S (3'+ tall)|Very|Lawful Good|Nil|Nil|Rare|40--400|50\%|Individuals M (\x3); C, Q (\x20) in lair|II|22\+1/hp
goat_giant|Giant Goat|||16|7|18"|3+1|1|2--16|2--16|Charge (+4 to hit, 6--20)|Nil|Standard|Charge (+4 to hit, 6--20)|L (5'+ at shoulder)|Semi-|Neutral|Nil|Nil|Rare|1--12|Nil|Nil|III|85\+4/hp
goblin|Goblin|||20|6|6"|1-1|1|1--6 or by weapon|1--6|Nil|Nil|Standard|Infravision 60'; -1 to hit in sunlight|S (4' tall)|Average (low)|Lawful Evil|Nil|Nil|Uncommon|40--400|40\%|Individuals K; C in lair|I|10\+1/hp
goblin_leader|Goblin Leader|||19|6|6"|1 (7 hp)|1|1--6 or by weapon|1--6|Nil|Nil|Standard||S (4' tall)|Average (low)|Lawful Evil|Nil|Nil|Uncommon|40--400|40\%|Individuals K; C in lair|I|10\+1/hp
goblin_assistant|Goblin Assistant|||19|6|6"|1 (7 hp)|1|1--6 or by weapon|1--6|Nil|Nil|Standard||S (4' tall)|Average (low)|Lawful Evil|Nil|Nil|Uncommon|40--400|40\%|Individuals K; C in lair|I|10\+1/hp
goblin_subchief|Goblin Subchief|||18|5|6"|1+1 (8 hp)|1|1--8 or by weapon|1--8|Nil|Nil|Standard||S (4' tall)|Average (low)|Lawful Evil|Nil|Nil|Uncommon|40--400|40\%|Individuals K; C in lair|I|20\+2/hp
goblin_guard|Goblin Guard|||18|5|6"|1+1 (8 hp)|1|1--8 or by weapon|1--8|Nil|Nil|Standard||S (4' tall)|Average (low)|Lawful Evil|Nil|Nil|Uncommon|40--400|40\%|Individuals K; C in lair|I|20\+2/hp
goblin_bodyguard|Goblin Bodyguard|||16|4|6"|2 (9--14 hp)|1|2--8 or by weapon|2--8|Nil|Nil|Standard|Fights as gnolls|S (4' tall)|Average (low)|Lawful Evil|Nil|Nil|Uncommon|40--400|40\%|Individuals K; C in lair|II|20\+2/hp
goblin_chief|Goblin Chief|||16|4|6"|2 (9--14 hp)|1|2--8 or by weapon|2--8|Nil|Nil|Standard|Fights as gnolls|S (4' tall)|Average (low)|Lawful Evil|Nil|Nil|Uncommon|40--400|40\%|Individuals K; C in lair|II|20\+2/hp
golem_clay|Clay Golem||Golem|10|7|7"|50 hit points|1|3--30|3--30|Haste|Blunt magic weapons to hit, immune to most spells|Special|Haste; Blunt magic weapons to hit, immune to most spells|L (8' tall)|Non-|Neutral|Nil|Nil|Very rare|1|Nil|Nil|VIII|5200
golem_flesh|Flesh Golem||Golem|12|9|8"|40 hit points|2|2--16\?2--16|2\x2--16|Nil|Magic weapons to hit, immune to most spells|Special|Berserk; Magic weapons to hit, immune to most spells, fire or cold slows, electricity heals|L (7\half' tall)|Semi-|Neutral|Nil|Nil|Very rare|1|Nil|Nil|VII|2380
golem_iron|Iron Golem||Golem|7|3|6"|80 hit points|1|4--40|4--40|Poison gas|+3 or better weapon to hit, immune to most spells|Special|Poison gas; +3 weapon to hit, immune to most spells, electricity slows, magic fire heals|L (12' tall)|Non-|Neutral|Nil|Nil|Very rare|1|Nil|Nil|X|14550
golem_stone|Stone Golem||Golem|9|5|6"|60 hit points|1|3--24|3--24|Slow spell|+2 or better weapon to hit, immune to most spells|Special|Slow spell; +2 weapon to hit, immune to most spells|L (9\half' tall)|Non-|Neutral|Nil|Nil|Very rare|1|Nil|Nil|IX|6930
gorgon|Gorgon|||12|2|12"|8|1|2--12|2--12|Breath turns to stone|Nil|Standard|Breath turns to stone|L|Animal|Neutral|Nil|Nil|Rare|1--4|40\%|E|VII|1750\+10/hp
gray_ooze|Gray Ooze|||16|8|1"|3+3|1|2--16|2--16|Corrosive properties, possible psionics|Immune to most spells|Special|Corrosive properties, possible psionics; Immune to most spells|M--L|Animal|Neutral|21--121|E\?Nil|Rare|1--3|Nil|Nil|IV|200\+4/hp
green_slime|Green Slime|||16|9|0"|2|0|Nil|Nil|Infects flesh, corrodes wood and metal|Immune to most weapons and spells|Special|Infects flesh, corrodes wood and metal; Immune to most weapons and spells|S|Non-|Neutral|Nil|Nil|Rare|1--6|Nil|Nil|VI|630\+2/hp
griffon|Griffon|||13|3|12"/30"|7|3|1--4\?1--4\?2--16|2\x1--4\?2--16|Nil|Nil|Standard||L|Semi-|Neutral|Nil|Nil|Uncommon|2--12|25\%|C, S|IV|225\+8/hp
groaning_spirit|Groaning Spirit|||13|0|15"|7|1|1--8|1--8|Death groan, fear|+1 or better weapon to hit, immune to charm, sleep, hold, cold and electricity|50\%|Death groan, fear; +1 weapon to hit, spell immunity, MR 50\%|M|Exceptional|Chaotic Evil|Nil|Nil|Very rare|1|10\%|D|VII|1600\+8/hp
harpy|Harpy|Harpies||16|7|6"/15"|3|3|1--3\?1--3\?1--6|2\x1--3\?1--6|Singing, charm|Nil|Standard|Singing, charm|M|Low|Chaotic Evil|Nil|Nil|Rare|2--12|25\%|C|III|145\+3/hp
hell_hound|Hell Hound|||15\?13|4|12"|4--7|1|1--10|1--10|Breathe fire (1 hp per HD), surprise on 1--4|Surprised only on 1, detect hidden/invisible 50\%|Standard|Breathe fire, surprise on 1--4; Surprised only on 1, detect hidden/invisible 50\%|M|Low|Lawful Evil|Nil|Nil|Very rare|2--8|30\%|C|IV|250\+5/hp
hell_hound_4hd|Hell Hound|||15|4|12"|4|1|1--10|1--10|Breathe fire (1 hp per HD), surprise on 1--4|Surprised only on 1, detect hidden/invisible 50\%|Standard|Breathe fire, surprise on 1--4; Surprised only on 1, detect hidden/invisible 50\%|M|Low|Lawful Evil|Nil|Nil|Very rare|2--8|30\%|C|IV|160\+4/hp
hell_hound_5hd|Hell Hound|||15|4|12"|5|1|1--10|1--10|Breathe fire (1 hp per HD), surprise on 1--4|Surprised only on 1, detect hidden/invisible 50\%|Standard|Breathe fire, surprise on 1--4; Surprised only on 1, detect hidden/invisible 50\%|M|Low|Lawful Evil|Nil|Nil|Very rare|2--8|30\%|C|IV|250\+5/hp
hell_hound_6hd|Hell Hound|||13|4|12"|6|1|1--10|1--10|Breathe fire (1 hp per HD), surprise on 1--4|Surprised only on 1, detect hidden/invisible 50\%|Standard|Breathe fire, surprise on 1--4; Surprised only on 1, detect hidden/invisible 50\%|M|Low|Lawful Evil|Nil|Nil|Very rare|2--8|30\%|C|V|450\+6/hp
hell_hound_7hd|Hell Hound|||13|4|12"|7|1|1--10|1--10|Breathe fire (1 hp per HD), surprise on 1--4|Surprised only on 1, detect hidden/invisible 50\%|Standard|Breathe fire, surprise on 1--4; Surprised only on 1, detect hidden/invisible 50\%|M|Low|Lawful Evil|Nil|Nil|Very rare|2--8|30\%|C|VI|725\+8/hp
herd_animal|Herd Animal|||19\?16\?15|8--7|15"--24"|1--5|Variable|Variable|Variable|Stampede|Nil|Standard|Stampede|S, M, or L|Animal|Neutral|Nil|Nil|Common|20--200 or more|Nil|Nil|II|35\+3/hp
herd_animal_1hd|Herd Animal|||19|8--7|15"--24"|1|Variable|Variable|Variable|Stampede|Nil|Standard|Stampede|S, M, or L|Animal|Neutral|Nil|Nil|Common|20--200 or more|Nil|Nil|I|10\+1/hp
herd_animal_2hd|Herd Animal|||16|8--7|15"--24"|2|Variable|Variable|Variable|Stampede|Nil|Standard|Stampede|S, M, or L|Animal|Neutral|Nil|Nil|Common|20--200 or more|Nil|Nil|I|20\+2/hp
herd_animal_3hd|Herd Animal|||16|8--7|15"--24"|3|Variable|Variable|Variable|Stampede|Nil|Standard|Stampede|S, M, or L|Animal|Neutral|Nil|Nil|Common|20--200 or more|Nil|Nil|II|35\+3/hp
herd_animal_4hd|Herd Animal|||15|8--7|15"--24"|4|Variable|Variable|Variable|Stampede|Nil|Standard|Stampede|S, M, or L|Animal|Neutral|Nil|Nil|Common|20--200 or more|Nil|Nil|III|60\+4/hp
herd_animal_5hd|Herd Animal|||15|8--7|15"--24"|5|Variable|Variable|Variable|Stampede|Nil|Standard|Stampede|S, M, or L|Animal|Neutral|Nil|Nil|Common|20--200 or more|Nil|Nil|III|90\+5/hp
hippocampus|Hippocampus|Hippocampi||15|5|24"|4|1|1--4|1--4|Nil|Nil|Standard||L|Average|Chaotic Good|Nil|Nil|Rare|2--8|Nil|Nil|III|60\+4/hp
hippogriff|Hippogriff|||16|5|18"/36"|3+3|3|1--6\?1--6\?1--10|2\x1--6\?1--10|Nil|Nil|Standard||L|Semi-|Neutral|Nil|Nil|Rare|2--16|10\%|Q (\x5)|III|60\+4/hp
hippopotamus|Hippopotamus|Hippopotami||12|6|9"//12"|8|1|2--12 or 3--18|2--12 or 3--18|Upset river craft|Nil|Standard|Upset river craft|L|Animal|Neutral|Nil|Nil|Uncommon|2--12|Nil|Nil|V|375\+10/hp
hippopotamus_bull|Bull Hippopotamus|Bull Hippopotami|Hippopotamus|12|6|9"//12"|8|1|3--18|3--18|Upset river craft|Nil|Standard|Upset river craft|L|Animal|Neutral|Nil|Nil|Uncommon|2--12|Nil|Nil|V|375\+10/hp
hippopotamus_cow|Cow Hippopotamus|Cow Hippopotami|Hippopotamus|12|6|9"//12"|8|1|2--12|2--12|Upset river craft|Nil|Standard|Upset river craft|L|Animal|Neutral|Nil|Nil|Uncommon|2--12|Nil|Nil|V|375\+10/hp
hobgoblin|Hobgoblin|||18|5|9"|1+1|1|1--8 or by weapon|1--8|Nil|Nil|Standard||M (6\half' tall)|Average|Lawful Evil|Nil|Nil|Uncommon|20--200|25\%|Individuals J, M; D, Q (\x5) in lair|I|20\+2/hp
hobgoblin_leader|Hobgoblin Leader|||16|5|9"|1+1 (9 hp)|1|1--8 or by weapon|1--8|Nil|Nil|Standard||M (6\half' tall)|Average|Lawful Evil|Nil|Nil|Uncommon|20--200|25\%|Individuals J, M; D, Q (\x5) in lair|I|20\+2/hp
hobgoblin_assistant|Hobgoblin Assistant|||16|5|9"|1+1 (9 hp)|1|1--8 or by weapon|1--8|Nil|Nil|Standard||M (6\half' tall)|Average|Lawful Evil|Nil|Nil|Uncommon|20--200|25\%|Individuals J, M; D, Q (\x5) in lair|I|20\+2/hp
hobgoblin_subchief|Hobgoblin Subchief|||16|3|9"|1+1 (16 hp)|1|3--10 or by weapon|3--10|Nil|Nil|Standard|Attacks as a 3 HD creature|M (6\half' tall)|Average|Lawful Evil|Nil|Nil|Uncommon|20--200|25\%|Individuals J, M; D, Q (\x5) in lair|I|20\+2/hp
hobgoblin_bodyguard|Hobgoblin Bodyguard|||16|3|9"|1+1 (16 hp)|1|3--10 or by weapon|3--10|Nil|Nil|Standard|Attacks as a 3 HD creature|M (6\half' tall)|Average|Lawful Evil|Nil|Nil|Uncommon|20--200|25\%|Individuals J, M; D, Q (\x5) in lair|I|20\+2/hp
hobgoblin_chief|Hobgoblin Chief|||15|2|9"|1+1 (22 hp)|1|2--11 or by weapon|2--11|Nil|Nil|Standard|Attacks as a 4 HD creature|M (6\half' tall)|Average|Lawful Evil|Nil|Nil|Uncommon|20--200|25\%|Individuals J, M; D, Q (\x5) in lair|I|20\+2/hp
homonculous|Homonculous|Homonculi||16|6|6"/18"|2|1|1--3|1--3|Sleep bite|Saves as creator|Standard|Sleep bite; Saves as creator, telepathic link|S (1\half' tall)|Very|As creator|Nil|Nil|Very rare|1|Nil|Nil|III|81\+2/hp
homunculus|Homunculus|Homunculi||16|6|6"/18"|2|1|1--3|1--3|Sleep bite|Saves as creator|Standard|Sleep bite; Saves as creator, telepathic link|S (1\half' tall)|Very|As creator|Nil|Nil|Very rare|1|Nil|Nil|III|81\+2/hp
horse_draft|Draft Horse||Horse|16|7|12"|3|1|1--3|1--3|Nil|Nil|Standard||L|Animal|Neutral|Nil|Nil|Common|1|Nil|Nil|II|35\+3/hp
warhorse_heavy|Heavy Warhorse||Horse|16|7|15"|3+3|3|1--8\?1--8\?1--3|2\x1--8\?1--3|Nil|Nil|Standard||L|Animal|Neutral|Nil|Nil|Uncommon|1|Nil|Nil|III|60\+4/hp
warhorse_light|Light Warhorse||Horse|16|7|24"|2|2|1--4\?1--4|2\x1--4|Nil|Nil|Standard||L|Animal|Neutral|Nil|Nil|Uncommon|1|Nil|Nil|I|20\+2/hp
warhorse_medium|Medium Warhorse||Horse|16|7|18"|2+2|3|1--6\?1--6\?1--3|2\x1--6\?1--3|Nil|Nil|Standard||L|Animal|Neutral|Nil|Nil|Uncommon|1|Nil|Nil|II|35\+3/hp
pony|Pony|Ponies|Horse|18|7|12"|1+1|1|1--2|1--2|Nil|Nil|Standard||L|Animal|Neutral|Nil|Nil|Uncommon|1|Nil|Nil|I|20\+2/hp
horse_wild|Wild Horse||Horse|16|7|24"|2|1|1--3|1--3|Nil|Nil|Standard||L|Animal|Neutral|Nil|Nil|Uncommon|5--30|Nil|Nil|I|20\+2/hp
hydra|Hydra|Hydrae||15\?13\?12\?10\?9\?8\?7|5|9"|5--16 (40--128 hp)|5--16|1--6, 1--8, 1--10, 1--12, or 2--12 (by heads)|(by heads)|Up to 4 attacks on one opponent|All heads must be killed|Standard|Up to 4 attacks on one opponent; All heads must be killed|L|Semi-|Neutral|Nil|Nil|Uncommon|1|20\%|B|III--VIII|(by heads)
hydra_lernaean|Lernaean Hydra|Lernaean Hydrae|Hydra|15\?13\?12\?10\?9\?8\?7|5|9"|5--16 (40--128 hp)|5--16|1--6, 1--8, 1--10, 1--12, or 2--12 (by heads)|(by heads)|Up to 4 attacks on one opponent|Two heads regrow in 1--4 rounds unless fire is applied; all heads must be killed|Standard|Up to 4 attacks on one opponent; Two heads regrow unless fire is applied, all heads must be killed|L|Semi-|Neutral|Nil|Nil|Very rare|1|20\%|B|III--VIII|(by final heads)
hydra_5_heads|5-Headed Hydra|5-Headed Hydrae|Hydra|15|5|9"|5 (40 hp)|5|1--6|1--6|Up to 4 attacks on one opponent|All heads must be killed|Standard|Up to 4 attacks on one opponent; All heads must be killed|L|Semi-|Neutral|Nil|Nil|Uncommon|1|20\%|B|III|130\+5/hp
hydra_6_heads|6-Headed Hydra|6-Headed Hydrae|Hydra|13|5|9"|6 (48 hp)|6|1--6|1--6|Up to 4 attacks on one opponent|All heads must be killed|Standard|Up to 4 attacks on one opponent; All heads must be killed|L|Semi-|Neutral|Nil|Nil|Uncommon|1|20\%|B|IV|225\+6/hp
hydra_7_heads|7-Headed Hydra|7-Headed Hydrae|Hydra|13|5|9"|7 (56 hp)|7|1--8|1--8|Up to 4 attacks on one opponent|All heads must be killed|Standard|Up to 4 attacks on one opponent; All heads must be killed|L|Semi-|Neutral|Nil|Nil|Uncommon|1|20\%|B|V|350\+8/hp
hydra_8_heads|8-Headed Hydra|8-Headed Hydrae|Hydra|12|5|9"|8 (64 hp)|8|1--8|1--8|Up to 4 attacks on one opponent|All heads must be killed|Standard|Up to 4 attacks on one opponent; All heads must be killed|L|Semi-|Neutral|Nil|Nil|Uncommon|1|20\%|B|VI|550\+10/hp
hydra_9_heads|9-Headed Hydra|9-Headed Hydrae|Hydra|12|5|9"|9 (72 hp)|9|1--8|1--8|Up to 4 attacks on one opponent|All heads must be killed|Standard|Up to 4 attacks on one opponent; All heads must be killed|L|Semi-|Neutral|Nil|Nil|Uncommon|1|20\%|B|VI|900\+12/hp
hydra_10_heads|10-Headed Hydra|10-Headed Hydrae|Hydra|10|5|9"|10 (80 hp)|10|1--8|1--8|Up to 4 attacks on one opponent|All heads must be killed|Standard|Up to 4 attacks on one opponent; All heads must be killed|L|Semi-|Neutral|Nil|Nil|Uncommon|1|20\%|B|VII|1350\+14/hp
hydra_11_heads|11-Headed Hydra|11-Headed Hydrae|Hydra|10|5|9"|11 (88 hp)|11|1--10|1--10|Up to 4 attacks on one opponent|All heads must be killed|Standard|Up to 4 attacks on one opponent; All heads must be killed|L|Semi-|Neutral|Nil|Nil|Uncommon|1|20\%|B|VII|2000\+16/hp
hydra_12_heads|12-Headed Hydra|12-Headed Hydrae|Hydra|9|5|9"|12 (96 hp)|12|1--10|1--10|Up to 4 attacks on one opponent|All heads must be killed|Standard|Up to 4 attacks on one opponent; All heads must be killed|L|Semi-|Neutral|Nil|Nil|Uncommon|1|20\%|B|VII|2000\+16/hp
hydra_13_heads|13-Headed Hydra|13-Headed Hydrae|Hydra|9|5|9"|13 (104 hp)|13|1--12|1--12|Up to 4 attacks on one opponent|All heads must be killed|Standard|Up to 4 attacks on one opponent; All heads must be killed|L|Semi-|Neutral|Nil|Nil|Uncommon|1|20\%|B|VIII|3950\+18/hp
hydra_14_heads|14-Headed Hydra|14-Headed Hydrae|Hydra|8|5|9"|14 (112 hp)|14|1--12|1--12|Up to 4 attacks on one opponent|All heads must be killed|Standard|Up to 4 attacks on one opponent; All heads must be killed|L|Semi-|Neutral|Nil|Nil|Uncommon|1|20\%|B|VIII|3950\+18/hp
hydra_15_heads|15-Headed Hydra|15-Headed Hydrae|Hydra|8|5|9"|15 (120 hp)|15|1--12|1--12|Up to 4 attacks on one opponent|All heads must be killed|Standard|Up to 4 attacks on one opponent; All heads must be killed|L|Semi-|Neutral|Nil|Nil|Uncommon|1|20\%|B|VIII|5250\+20/hp
hydra_16_heads|16-Headed Hydra|16-Headed Hydrae|Hydra|7|5|9"|16 (128 hp)|16|2--12|2--12|Up to 4 attacks on one opponent|All heads must be killed|Standard|Up to 4 attacks on one opponent; All heads must be killed|L|Semi-|Neutral|Nil|Nil|Uncommon|1|20\%|B|VIII|5250\+20/hp
pyrohydra|Pyrohydra|Pyrohydrae|Hydra|15\?13\?12\?10\?9|5|9"|5--12 (40--96 hp)|5--12|1--6, 1--8, or 1--10 (by heads)|(by heads)|Up to 4 attacks on one opponent, fire breath (1--8 or 1--10/head, twice/day; save for half)|All heads must be killed|Standard|Up to 4 attacks on one opponent, fire breath; All heads must be killed|L|Semi-|Neutral|Nil|Nil|Uncommon|1|20\%|B|VI--VIII|(by heads)
pyrohydra_5_heads|5-Headed Pyrohydra|5-Headed Pyrohydrae|Pyrohydra|15|5|9"|5 (40 hp)|5|1--6|1--6|Up to 4 attacks on one opponent, fire breath (1--8/head, twice/day; save for half)|All heads must be killed|Standard|Up to 4 attacks on one opponent, fire breath; All heads must be killed|L|Semi-|Neutral|Nil|Nil|Uncommon|1|20\%|B|VI|630\+5/hp
pyrohydra_6_heads|6-Headed Pyrohydra|6-Headed Pyrohydrae|Pyrohydra|13|5|9"|6 (48 hp)|6|1--6|1--6|Up to 4 attacks on one opponent, fire breath (1--8/head, twice/day; save for half)|All heads must be killed|Standard|Up to 4 attacks on one opponent, fire breath; All heads must be killed|L|Semi-|Neutral|Nil|Nil|Uncommon|1|20\%|B|VI|925\+6/hp
pyrohydra_7_heads|7-Headed Pyrohydra|7-Headed Pyrohydrae|Pyrohydra|13|5|9"|7 (56 hp)|7|1--8|1--8|Up to 4 attacks on one opponent, fire breath (1--8/head, twice/day; save for half)|All heads must be killed|Standard|Up to 4 attacks on one opponent, fire breath; All heads must be killed|L|Semi-|Neutral|Nil|Nil|Uncommon|1|20\%|B|VII|1175\+8/hp
pyrohydra_8_heads|8-Headed Pyrohydra|8-Headed Pyrohydrae|Pyrohydra|12|5|9"|8 (64 hp)|8|1--8|1--8|Up to 4 attacks on one opponent, fire breath (1--8/head, twice/day; save for half)|All heads must be killed|Standard|Up to 4 attacks on one opponent, fire breath; All heads must be killed|L|Semi-|Neutral|Nil|Nil|Uncommon|1|20\%|B|VII|1750\+10/hp
pyrohydra_9_heads|9-Headed Pyrohydra|9-Headed Pyrohydrae|Pyrohydra|12|5|9"|9 (72 hp)|9|1--8|1--8|Up to 4 attacks on one opponent, fire breath (1--8/head, twice/day; save for half)|All heads must be killed|Standard|Up to 4 attacks on one opponent, fire breath; All heads must be killed|L|Semi-|Neutral|Nil|Nil|Uncommon|1|20\%|B|VII|2500\+12/hp
pyrohydra_10_heads|10-Headed Pyrohydra|10-Headed Pyrohydrae|Pyrohydra|10|5|9"|10 (80 hp)|10|1--8|1--8|Up to 4 attacks on one opponent, fire breath (1--8/head, twice/day; save for half)|All heads must be killed|Standard|Up to 4 attacks on one opponent, fire breath; All heads must be killed|L|Semi-|Neutral|Nil|Nil|Uncommon|1|20\%|B|VIII|3150\+14/hp
pyrohydra_11_heads|11-Headed Pyrohydra|11-Headed Pyrohydrae|Pyrohydra|10|5|9"|11 (88 hp)|11|1--10|1--10|Up to 4 attacks on one opponent, fire breath (1--10/head, twice/day; save for half)|All heads must be killed|Standard|Up to 4 attacks on one opponent, fire breath; All heads must be killed|L|Semi-|Neutral|Nil|Nil|Uncommon|1|20\%|B|VIII|4550\+16/hp
pyrohydra_12_heads|12-Headed Pyrohydra|12-Headed Pyrohydrae|Pyrohydra|9|5|9"|12 (96 hp)|12|1--10|1--10|Up to 4 attacks on one opponent, fire breath (1--10/head, twice/day; save for half)|All heads must be killed|Standard|Up to 4 attacks on one opponent, fire breath; All heads must be killed|L|Semi-|Neutral|Nil|Nil|Uncommon|1|20\%|B|VIII|5400\+16/hp
hyena|Hyena|||16|7|12"|3|1|2--8|2--8|Nil|Nil|Standard||M|Animal|Neutral|Nil|Nil|Common|2--12|Nil|Nil|II|35\+3/hp
hyena_giant|Giant Hyena||Hyena|15|7|12"|5|1|3--12|3--12|Nil|Nil|Standard||L|Animal|Neutral|Nil|Nil|Very rare|2--8|Nil|Nil|III|90\+5/hp
hyaenodon|Hyaenodon|Hyaenodons|Hyena|15|7|12"|5|1|3--12|3--12|Nil|Nil|Standard||L|Animal|Neutral|Nil|Nil|Very rare|2--8|Nil|Nil|III|90\+5/hp
imp|Imp||Devil|16|2|6"/18"|2+2|1|1--4|1--4|Poison, magic use|Magic weapons to hit, regeneration, MR 25\%, immune to cold, fire and electricity, saves as 7 HD|25\%|Poison, magic use; Magic weapons to hit, regeneration, MR 25\%, immune to cold, fire and electricity, saves as 7 HD|S (2' tall)|Average|Lawful Evil|Nil|Nil|Very rare|1|0\%|O|V|275\+3/hp
intellect_devourer|Intellect Devourer|||13|4|15"|6+6|4|1--4\?1--4\?1--4\?1--4|4\x1--4|Psionics, possession, hides as a 10th-level thief|+3 weapons inflict only 1 hp, immune to most spells|Special|Psionics, possession, hides as a 10th-level thief; +3 weapons inflict only 1 hp, immune to most spells|M|Very|Chaotic Evil|200|C, E/F, G|Very rare|1--2|60\%|D|VII|1500\+8/hp
invisible_stalker|Invisible Stalker|||12|3|12"|8|1|4--16|4--16|Surprises on 1--5|Invisible|30\%|Surprises on 1--5; Invisible, MR 30\%|L (8' tall)|High|Neutral|Nil|Nil|Very rare|1|Nil|Nil|VI|1000\+10/hp
irish_deer|Irish Deer|Irish Deer||15|7|18"|4|1 (2)|2--12 (2--12)|2--12 (2--12)|Nil|Nil|Standard||L|Animal|Neutral|Nil|Nil|Rare|1--8|Nil|Nil|III|60\+4/hp
ixitxachitl|Ixitxachitl|Ixitxachitl||18|6|12"|1+1|1|3--12|3--12|Evil clerical spells|Nil|Standard|Cleric spells|M|Average to high|Chaotic Evil|Nil|Nil|Very rare|10--100|60\%|P, R, S|II|28\+2/hp
ixitxachitl_cleric_2nd|2nd-Level Ixitxachitl Cleric||Ixitxachitl|18|6|12"|1+1|1|3--12|3--12|Spells as a 2nd-level cleric|Nil|Standard|Cleric spells|M|Average to high|Chaotic Evil|Nil|Nil|Very rare|10--100|60\%|P, R, S|II|28\+2/hp
ixitxachitl_cleric_3rd|3rd-Level Ixitxachitl Cleric||Ixitxachitl|18|6|12"|1+1|1|3--12|3--12|Spells as a 3rd-level cleric|Nil|Standard|Cleric spells|M|Average to high|Chaotic Evil|Nil|Nil|Very rare|10--100|60\%|P, R, S|II|28\+2/hp
ixitxachitl_cleric_5th|5th-Level Ixitxachitl Cleric||Ixitxachitl|18|6|12"|1+1|1|3--12|3--12|Spells as a 5th-level cleric|Nil|Standard|Cleric spells|M|Average to high|Chaotic Evil|Nil|Nil|Very rare|10--100|60\%|P, R, S|II|28\+2/hp
ixitxachitl_guard|Ixitxachitl Guard|||15|6|12"|3+3|1|3--12|3--12|Spells as a 6th-level cleric|Nil|Standard|Cleric spells|M|Average to high|Chaotic Evil|Nil|Nil|Very rare|10--100|60\%|P, R, S; U possible|III|85\+4/hp
ixitxachitl_leader|Ixitxachitl Leader|||15|6|12"|4+4|1|3--12|3--12|Spells as an 8th-level cleric|Nil|Standard|Cleric spells|M|Average to high|Chaotic Evil|Nil|Nil|Very rare|10--100|60\%|P, R, S; U possible|IV|165\+5/hp
ixitxachitl_vampire|Vampiric Ixitxachitl|Vampiric Ixitxachitl|Ixitxachitl|16|6|12"|2+2|1|3--12|3--12|Energy drain, evil clerical spells|Regenerates 3 hp/round|Standard|Energy drain, spells; Regeneration|M|Average to high|Chaotic Evil|Nil|Nil|Very rare|10--100|60\%|P, R, S|V|290\+3/hp
ixitxachitl_vampire_cleric_2nd|Vampiric 2nd-Level Ixitxachitl Cleric||Ixitxachitl|16|6|12"|2+2|1|3--12|3--12|Energy drain, spells as a 2nd-level cleric|Regenerates 3 hp/round|Standard|Energy drain, spells; Regeneration|M|Average to high|Chaotic Evil|Nil|Nil|Very rare|10--100|60\%|P, R, S|V|290\+3/hp
ixitxachitl_vampire_cleric_3rd|Vampiric 3rd-Level Ixitxachitl Cleric||Ixitxachitl|16|6|12"|2+2|1|3--12|3--12|Energy drain, spells as a 3rd-level cleric|Regenerates 3 hp/round|Standard|Energy drain, spells; Regeneration|M|Average to high|Chaotic Evil|Nil|Nil|Very rare|10--100|60\%|P, R, S|V|290\+3/hp
ixitxachitl_vampire_cleric_5th|Vampiric 5th-Level Ixitxachitl Cleric||Ixitxachitl|16|6|12"|2+2|1|3--12|3--12|Energy drain, spells as a 5th-level cleric|Regenerates 3 hp/round|Standard|Energy drain, spells; Regeneration|M|Average to high|Chaotic Evil|Nil|Nil|Very rare|10--100|60\%|P, R, S|V|290\+3/hp
ixitxachitl_vampire_guard|Vampiric Ixitxachitl Guard||Ixitxachitl|13|6|12"|6+6|1|3--12|3--12|Energy drain, spells as a 6th-level cleric|Regenerates 3 hp/round|Standard|Energy drain, spells; Regeneration|M|Average to high|Chaotic Evil|Nil|Nil|Very rare|10--100|60\%|P, R, S; U possible|VII|1500\+8/hp
ixitxachitl_vampire_leader|Vampiric Ixitxachitl Leader||Ixitxachitl|12|6|12"|8+8|1|3--12|3--12|Energy drain, spells as an 8th-level cleric|Regenerates 3 hp/round|Standard|Energy drain, spells; Regeneration|M|Average to high|Chaotic Evil|Nil|Nil|Very rare|10--100|60\%|P, R, S; U possible|VIII|3900\+12/hp
jackal|Jackal|||20|7|12"|\half|1|1--2|1--2|Nil|Nil|Standard||S|Semi-|Neutral|Nil|Nil|Common|1--6|Nil|Nil|I|5\+1/hp
jackalwere|Jackalwere|||15|4|12"|4|1|2--8|2--8|Sleep gaze, shapechanging, human weapon use|Iron or +1 weapons to hit|Standard|Sleep gaze, shapechanging, human weapons; Iron or +1 weapon to hit|S (M)|Very|Chaotic Evil|Nil|Nil|Rare|1--4|30\%|C|VI|800\+4/hp
jaguar|Jaguar|||15|6|15"|4+1|3 (5)|1--3\?1--3\?1--8 (\+2--5\?2--5)|2\x1--3\?1--8 (\+2\x2--5)|Rear-claw rake, leaps 30' to attack|Surprised only on a 1|Standard|Rear-claw rake, 30' leap; Surprised only on 1|L|Semi-|Neutral|Nil|Nil|Uncommon|1--2|5\%|Nil|IV|170\+5/hp
ki_rin|Ki-rin|Ki-rin||9|-5|24"/48"|12|3|2--8\?2--8\?3--18|2\x2--8\?3--18|Magic use, psionics, +3 horn, double-strength air magic|Astral/ethereal travel, telepathy|90\%|Magic use, psionics, +3 horn, double-strength air magic; MR 90\%, planar travel, telepathy|L|Supra-genius|Lawful Good|130--200|All/all|Very rare|1|5\%|I, S, T|IX|8500\+16/hp
koalinth|Koalinth||Hobgoblin|18|5|9"|1+1|1|1--8 or by weapon|1--8|Nil|Nil|Standard||M (6\half' tall)|Average|Lawful Evil|Nil|Nil|Uncommon|20--200|25\%|Individuals J, M; D, Q (\x5) in lair|I|20\+2/hp
kobold|Kobold|||21|7\,(6)|6"|\half|1|1--4 (1--6) or by weapon|1--4 (1--6)|Nil|Nil|Standard||S (3' tall)|Average-low|Lawful Evil|Nil|Nil|Uncommon|40--400|40\%|Individuals J; O, Q (\x5) in lair|I|5\+1/hp
kobold_bodyguard|Kobold Bodyguard|||20|6|6"|1-1 (4 hp)|1|1--6 or by weapon|1--6|Nil|Nil|Standard||S (3' tall)|Average-low|Lawful Evil|Nil|Nil|Uncommon|40--400|40\%|Individuals J; O, Q (\x5) in lair|I|10\+1/hp
kobold_chief|Kobold Chief|||20|6|6"|1-1 (4 hp)|1|1--6 or by weapon|1--6|Nil|Nil|Standard||S (3' tall)|Average-low|Lawful Evil|Nil|Nil|Uncommon|40--400|40\%|Individuals J; O, Q (\x5) in lair|I|10\+1/hp
kobold_guard|Kobold Guard|||20|6|6"|1-1 (4 hp)|1|1--6 or by weapon|1--6|Nil|Nil|Standard||S (3' tall)|Average-low|Lawful Evil|Nil|Nil|Uncommon|40--400|40\%|Individuals J; O, Q (\x5) in lair|I|10\+1/hp
kobold_leader|Kobold Leader|||20|6|6"|1-1 (4 hp)|1|1--6 or by weapon|1--6|Nil|Nil|Standard||S (3' tall)|Average-low|Lawful Evil|Nil|Nil|Uncommon|40--400|40\%|Individuals J; O, Q (\x5) in lair|I|10\+1/hp
lamia|Lamia|||12|3|24"|9|1|1--4|1--4|Wisdom drain, magic use|Nil|Standard|Wisdom drain, magic use|M|High|Chaotic Evil|Nil|Nil|Very rare|1|60\%|D|VII|1700\+12/hp
lammasu|Lammasu|Lammasu||12|6|12"/24"|7+7|2|1--6\?1--6|2\x1--6|Magic use, invisibility, dimension door|Double-strength protection from evil|30\%|Magic use, invisibility, dimension door; double-strength protection from evil, MR 30\%|L|Genius|Lawful Good|Nil|Nil|Rare|2--8|30\%|R, S, T|VII|1450\+10/hp
lamprey|Lamprey||Lamprey|18|7|12"|1+2|1|1--2|1--2|Blood drain (2/r)|Nil|Standard|Blood drain (2/r)|S|Non-|Neutral|Nil|Nil|Uncommon|1--2|Nil|Nil|II|28\+2/hp
lamprey_giant|Giant Lamprey||Lamprey|15|6|9"|5|1|1--6|1--6|Blood drain (10/r)|Nil|Standard|Blood drain (10/r)|M|Non-|Neutral|Nil|Nil|Rare|1--4|Nil|Nil|IV|165\+5/hp
larva|Larva|Larvae||19|7|6"|1|1|2--5|2--5|Nil|Nil|Standard||M|Low|Evil|Nil|Nil|Common|10--40|100\%|Nil|I|10\+1/hp
leech_giant|Giant Leech|||19\?16\?15|9|3"|1--4|1|1--4|1--4|Blood drain, anesthesia, disease|Nil|Standard|Blood drain, anesthesia, disease|S to M|Non-|Neutral|Nil|Nil|Uncommon|4--16|Nil|Nil|II--IV|(by size)
leech_giant_1hd|Giant Leech|||19|9|3"|1|1|1--4|1--4|Blood drain (1/r), anesthesia, disease|Nil|Standard|Blood drain, anesthesia, disease|S to M|Non-|Neutral|Nil|Nil|Uncommon|4--16|Nil|Nil|II|26\+1/hp
leech_giant_2hd|Giant Leech|||16|9|3"|2|1|1--4|1--4|Blood drain (2/r), anesthesia, disease|Nil|Standard|Blood drain, anesthesia, disease|S to M|Non-|Neutral|Nil|Nil|Uncommon|4--16|Nil|Nil|III|52\+2/hp
leech_giant_3hd|Giant Leech|||16|9|3"|3|1|1--4|1--4|Blood drain (3/r), anesthesia, disease|Nil|Standard|Blood drain, anesthesia, disease|S to M|Non-|Neutral|Nil|Nil|Uncommon|4--16|Nil|Nil|III|95\+3/hp
leech_giant_4hd|Giant Leech|||15|9|3"|4|1|1--4|1--4|Blood drain (4/r), anesthesia, disease|Nil|Standard|Blood drain, anesthesia, disease|S to M|Non-|Neutral|Nil|Nil|Uncommon|4--16|Nil|Nil|IV|160\+4/hp
leopard|Leopard|||15|6|12"|3+2|3 (5)|1--3\?1--3\?1--6 (\+1--4\?1--4)|2\x1--3\?1--6 (\+2\x1--4)|Rear-claw rake, surprises on 1--3|Surprised only on a 1|Standard|Rear-claw rake, surprise on 1--3; Surprised only on 1|M|Semi-|Neutral|Nil|Nil|Uncommon|1--2|5\%|Nil|III|135\+4/hp
leprechaun|Leprechaun|||-|8|15"|2--5hp|0|Nil|Nil|Magic use|Never surprised|80\%|Magic use; Never surprised, MR 80\%|S (2' tall)|Exceptional|Neutral|Nil|Nil|Uncommon|1 or 1--20|10\%|F|III|84\+1/hp
leucrotta|Leucrotta|||13|4|18"|6+1|1|3--18|3--18|Voice imitation|Kick in retreat (1--6\?1--6)|Standard|Voice imitation; Kick in retreat (2\x1--6)|L|Average|Chaotic Evil|Nil|Nil|Rare|1--4|40\%|D|V|475\+8/hp
lich|Lich|Liches||10|0|6"|11+|1|1--10|1--10|Paralyzation, fear, magic use, possible psionics|+1 or better weapons to hit, spell immunities|Standard|Paralyzation, fear, magic use, possible psionics; +1 weapon to hit, spell immunities|M|Supra-genius|Neutral Evil|See below|See below|Very rare|1|90\%|A|X|10500\+16/hp
lion|Lion||Lion|15|5\,(6)|12"|5+2|3 (5)|1--4\?1--4\?1--10 (\+2--7\?2--7)|2\x1--4\?1--10 (\+2\x2--7)|Rear-claw rake|Surprised only on a 1|Standard|Rear-claw rake; Surprised only on 1|L|Semi-|Neutral|Nil|Nil|Uncommon|2--12|25\%|Nil|V|300\+6/hp
lion_mountain|Mountain Lion||Lion|15|6|15"|3+1|3 (5)|1--3\?1--3\?1--6 (\+1--4\?1--4)|2\x1--3\?1--6 (\+2\x1--4)|Rear-claw rake|Surprised only on a 1|Standard|Rear-claw rake; Surprised only on 1|M|Semi-|Neutral|Nil|Nil|Uncommon|1--2|10\%|Nil|III|110\+4/hp
lion_spotted|Spotted Lion||Lion|13|5\,(6)|12"|6+2|3 (5)|1--4\?1--4\?1--12 (\+2--8\?2--8)|2\x1--4\?1--12 (\+2\x2--8)|Rear-claw rake|Surprised only on a 1|Standard|Rear-claw rake; Surprised only on 1|L|Semi-|Neutral|Nil|Nil|Rare|2--8|25\%|Nil|V|475\+8/hp
lizard_fire|Fire Lizard||Lizard|10|3|9"|10|3|1--8\?1--8\?2--16|2\x1--8\?2--16|Fire puff (2--12, save for half)|Immune to fire|Standard|Fire puff; Immune to fire|L (30' long)|Animal|Neutral|Nil|Nil|Very rare|1--4|50\%|B, Q (\x10), S, T|VII|1800\+14/hp
lizard_giant|Giant Lizard||Lizard|15|5|15"|3+1|1|1--8|1--8|Roll of 20 causes double damage (2--16)|Nil|Standard|Roll of 20 causes double damage|L (15' long)|Non-|Neutral|Nil|Nil|Uncommon|2--12|Nil|Nil|III|125\+4/hp
lizard_minotaur|Minotaur Lizard||Lizard|12|5|6"|8|3|2--12\?2--12\?3--18|2\x2--12\?3--18|Surprises on 1--4, bite holds on a 20|Nil|Standard|Surprise on 1--4, bite holds helpless and repeats|L (40' long)|Non-|Neutral|Nil|Nil|Rare|1--8|80\%|J--N, Q, C (magic)|VII|1375\+10/hp
lizard_subterranean|Subterranean Lizard||Lizard|13|5|12"|6|1|2--12|2--12|Moves on walls and ceilings, roll of 20 causes double damage (4--24)|Nil|Standard|Moves on walls/ceilings, roll of 20 causes double damage|L (20' long)|Non-|Neutral|Nil|Nil|Uncommon|1--6|20\%|O, P, Q (\x5; magic)|V|350\+6/hp
lizard_man|Lizard Man|Lizard Men|Lizard Man|16|5|6"//12"|2+1|3|1--2\?1--2\?1--8 or by weapon|2\x1--2\?1--8 or weapon|Nil|Nil|Standard||M (about 7' tall)|Low|Neutral|Nil|Nil|Rare|10--40|30\%|D|II|35\+3/hp
lizard_man_advanced|Advanced Lizard Man|Advanced Lizard Men|Lizard Man|16|4|6"//12"|2+1|3 or by weapon|1--2\?1--2\?1--8 or by weapon|2\x1--2\?1--8 or weapon|Missile weapons|Nil|Standard|Missile weapons|M (about 7' tall)|Average|Neutral|Nil|Nil|Rare|10--40|30\%|D|II|50\+3/hp
locathah|Locathah|Locathah||16|6|12"|2|1|By weapon|By weapon|Nil|Nil|Standard||M|Very|Neutral|Nil|Nil|Rare|20--200|10\%|A|II|20\+2/hp
locathah_leader|Locathah Leader||Locathah|18|6|12"|2 (18 hp)|1|By weapon|By weapon|Nil|Nil|Standard|Treat as a 4th-level fighter|M|Very|Neutral|Nil|Nil|Rare|20--200|10\%|A|II|20\+2/hp
locathah_assistant|Locathah Assistant||Locathah|18|6|12"|2 (14 hp)|1|By weapon|By weapon|Nil|Nil|Standard|Treat as a 3rd-level fighter|M|Very|Neutral|Nil|Nil|Rare|20--200|10\%|A|II|20\+2/hp
locathah_chief|Locathah Chief||Locathah|16|6|12"|2 (22 hp)|1|By weapon|By weapon|Nil|Nil|Standard|Treat as a 5th-level fighter|M|Very|Neutral|Nil|Nil|Rare|20--200|10\%|A|II|20\+2/hp
locathah_guard|Locathah Guard||Locathah|18|6|12"|2 (12--14 hp)|1|By weapon|By weapon|Nil|Nil|Standard|Treat as a 3rd-level fighter|M|Very|Neutral|Nil|Nil|Rare|20--200|10\%|A|II|20\+2/hp
lurker_above|Lurker Above|||10|6|1"/9"|10|1|1--6|1--6|Surprises on 1--4, smothers (1--6/r; death in 2--5 rounds)|90\% undetectable on ceiling|Standard|Surprise, smothering; 90\% undetectable on ceiling|L (20' wing spread)|Non-|Neutral|Nil|Nil|Uncommon|1 (1--4)|50\%|C, Y|VII|1950\+14/hp
werebear|Werebear||Lycanthrope|13|2|9"|7+3|3|1--3\?1--3\?2--8|2\x1--3\?2--8|Hug (2--16), summons 1--6 brown bears, infects lycanthropy|Silver or +1 weapons to hit, heals at triple rate, immune to disease|Standard|Hug, bear summoning, infection, shapechanging; Silver/+1 weapon to hit, rapid healing, disease immunity|L|Exceptional|Chaotic Good|Nil|Nil|Rare|1--4|10\%|R, T, X|VI|725\+10/hp
wereboar|Wereboar||Lycanthrope|15|4|12"|5+2|1|2--12|2--12|Infects lycanthropy|Silver or +1 weapons to hit|Standard|Infection, shapechanging; Silver/+1 weapon to hit|L|Average|Neutral|Nil|Nil|Rare|2--8|20\%|B, S|IV|225\+6/hp
wererat|Wererat||Lycanthrope|15|6|12"|3+1|1|1--8 (sword)|1--8|Surprises on 1--4, infects lycanthropy|Silver or +1 weapons to hit|Standard|Surprise, infection, shapechanging; Silver/+1 weapon to hit|S--M|Very|Lawful Evil|Nil|Nil|Uncommon|4--24|30\%|C|III|110\+4/hp
weretiger|Weretiger||Lycanthrope|13|3|12"|6+2|3 (5)|1--4\?1--4\?1--12 (\+2--5\?2--5)|2\x1--4\?1--12 (\+2\x2--5)|Rear-claw rake, infects lycanthropy|Silver or +1 weapons to hit|Standard|Rear-claw rake, infection, shapechanging; Silver/+1 weapon to hit|L|Average|Neutral|Nil|Nil|Very rare|1--6|15\%|D, O (\x5)|V|475\+8/hp
werewolf|Werewolf|Werewolves|Lycanthrope|15|5|15"|4+3|1|2--8|2--8|Surprises on 1--3, infects lycanthropy|Silver or +1 weapons to hit|Standard|Surprise, infection, shapechanging; Silver/+1 weapon to hit|M|Average|Chaotic Evil|Nil|Nil|Common|3--18|25\%|B|IV|170\+5/hp
lynx_giant|Giant Lynx|Giant Lynxes||16|6|12"|2+2|3 (5)|1--2\?1--2\?1--4 (\+1--3\?1--3)|2\x1--2\?1--4 (\+2\x1--3)|Rear-claw rake, surprises on 1--5|Hides 90\%, detects traps 75\%|Standard|Rear-claw rake, surprise on 1--5; Hide 90\%, detect traps 75\%|M|Very|Neutral|Nil|Nil|Rare|1--4|5\%|Nil|III|120\+3/hp
mammoth|Mammoth|||9|5|12"|13|5|3--18\?3--18\?2--16\?2--12\?2--12|2\x3--18\?1\x2--16\?2\x2--12|Nil|Nil|Standard||L (10'--14' tall)|Semi-|Neutral|Nil|Nil|Common|1--12|Nil|Nil|VII|3000\+18/hp
manticore|Manticore|||13|4|12"/18"|6+3|3 or 6|1--3\?1--3\?1--8 or 6\x1--6|2\x1--3\?1--8 or 6\x1--6|Tail-spike volley (18" range, 4 volleys)|Nil|Standard|Tail-spike volley|L|Low|Lawful Evil|Nil|Nil|Uncommon|1--4|20\%|E|VI|650\+8/hp
masher|Masher|||12|7|9"|8|1|5--20|5--20|Nil|Poison spines (save or die; safe only ahead or underneath)|Standard|Poison spines (save or die; safe only ahead or underneath)|L|Non-|Neutral|Nil|Nil|Uncommon|2--8|Nil|Nil|VI|1000\+10/hp
mastodon|Mastodon|||9|6|15"|12|5|2--16\?2--16\?2--12\?2--12\?2--12|2\x2--16\?3\x2--12|Nil|Nil|Standard||L (10' tall)|Semi-|Neutral|Nil|Nil|Common|1--12|Nil|Nil|VII|2150\+16/hp
medusa|Medusa|Medusae||13|5|9"|6|1|1--4|1--4|Gaze turns to stone, poison|Nil|Standard|Petrifying gaze; poison (save or die); sees astral/ethereal|M|Very|Lawful Evil|Nil|Nil|Rare|1--3|50\%|P, Q (\x10), X, Y|VI|725\+6/hp
men_bandit|Bandit||Men|20*|By armor type|By armor type|1--6hp|1|By weapon type|By weapon type|Leader types|Standard|Standard||M|Mean: average to very|Neutral|Leader types|Leader types|Common|20--200|20\%|Individual M, A in lair|I|5\+1/hp
men_brigand|Brigand||Men|20*|By armor type|By armor type|1--6hp|1|By weapon type|By weapon type|Leader types|Standard|Standard||M|Mean: average to very|Chaotic Evil|Leader types|Leader types|Common|20--200|20\%|Individual M, A in lair|I|5\+1/hp
men_berserker|Berserker||Men|20*|7|12"|2--7hp|1 (or 2)|By weapon type|By weapon type|Leader types|Leader types|Standard||M|Mean: average to very|Neutral|Nil|Nil|Rare|10--100|10\%|Individual K, B in lair|I|10\+1/hp
men_buccaneer|Buccaneer||Men|20*|By armor type|12"|1--6hp|1|By weapon type|By weapon type|Leader types|Leader types|Standard||M|Mean: average to very|Neutral|Leader types|Leader types|Uncommon|50--300|80\% or 100\%|Individuals K, W in lair|I|5\+1/hp
men_pirate|Pirate||Men|20*|By armor type|12"|1--6hp|1|By weapon type|By weapon type|Leader types|Leader types|Standard||M|Mean: average to very|Chaotic Evil|Leader types|Leader types|Uncommon|50--300|80\% or 100\%|Individuals K, W in lair|I|5\+1/hp
men_caveman|Caveman|Cavemen|Men|16|8|12"|2|1|By weapon type (\+1)|By weapon type (\+1)|Nil|Nil|Standard|+1 damage|M|Low|Neutral|Nil|Nil|Rare|10--100|40\%|Special (ivory, gold, or gems)|I|20\+2/hp
men_tribesman|Tribesman|Tribesmen|Men|19|7|12"|1|1|By weapon type|By weapon type|Nil|Nil|Standard||M|Average|Neutral|Nil|Nil|Rare|120|40\%|Special (ivory, gold, and gems)|I|10\+1/hp
men_dervish|Dervish|Dervishes|Men|20*|By armor type|By mount and armor|1--6hp|1|By weapon type (\+1)|By weapon type (\+1)|Leader types|Leader types|Standard|+1 to hit and damage; never checks morale|M|Mean: average to very|Lawful Good|Leader types|Leader types|Rare|30--300|5\%|Individuals J, Z in lair|I|5\+1/hp
men_nomad|Nomad||Men|20*|By armor type|By mount and armor|1--6hp|1|By weapon type|By weapon type|Leader types; surprises on 1--4|Leader types|Standard|Surprises on 1--4|M|Mean: average to very|Neutral|Leader types|Leader types|Uncommon|30--300|15\%|Individuals L, Z in lair|I|7\+1/hp
men_merchant|Merchant||Men|20*|See description|By mount|1--6hp|1|By weapon type|By weapon type|Nil|Nil|Standard|10\% of merchant caravan|M|Mean: very to high|Neutral|Nil|Nil|Common|10\% of 50--300|0\%|Individuals J, K, L, M, N, Q|I|5\+1/hp
men_drover|Drover||Men|20*|See description|By mount|1--6hp|1|By weapon type|By weapon type|Nil|Nil|Standard|10\% of merchant caravan|M|Mean: very to high|Neutral|Nil|Nil|Common|10\% of 50--300|0\%|See description|I|5\+1/hp
men_mercenary_guard|Mercenary Guard||Men|20*|By armor type|By mount and armor|2--7hp|1|By weapon type|By weapon type|Nil|Nil|Standard|80\% of merchant caravan|M|Mean: very to high|Neutral|Nil|Nil|Common|80\% of 50--300|0\%|Individuals K|I|10\+1/hp
men_pilgrim|Pilgrim||Men|20*|See description|12" or by mount|1--6hp|1 (or 2 if lawful evil)|By weapon type|By weapon type|Leader types; lawful evil fight as berserkers|Leader types|Standard|Lawful evil fight as berserkers with daggers|M|Mean: average to very|See description|Leader types|Leader types|Uncommon|10--100|0\%|Individuals J|I|5\+1/hp
men_pilgrim_lawful_evil|Lawful Evil Pilgrim||Men|20*|See description|12" or by mount|1--6hp|1 (or 2)|1--4 (dagger)|1--4|Strike twice or once with +2 to hit|Leader types|Standard|Fights as a berserker with a dagger|M|Mean: average to very|Lawful Evil|Leader types|Leader types|Uncommon|10--100|0\%|Individuals J|I|5\+1/hp
merman|Merman|Mermen||18|7|1"//18"|1+1|1|By weapon type|By weapon type|Grappling hooks (90\% vs. ships)|Nil|Standard|Grappling hooks 90\% vs. ships; double damage from fire while surfaced|M|Average to very|Neutral|Nil|Nil|Uncommon|20--200|25\%|C, R|I|20\+2/hp
mimic|Mimic|||13\?12\?10|7|3"|7--10|1|3--12|3--12|Glue, surprise|Camouflage|Standard|Glue, surprise; Camouflage|L|Semi- to average|Neutral|Nil|Nil|Rare|1|Nil|Nil|VI--VII|(by HD)
mimic_intelligent_7hd|7-HD Intelligent Mimic||Mimic|13|7|3"|7|1|3--12|3--12|Glue, surprise|Camouflage|Standard|Glue, surprise; Camouflage|L|Average|Neutral|Nil|Nil|Rare|1|Nil|Nil|VI|650\+8/hp
mimic_intelligent_8hd|8-HD Intelligent Mimic||Mimic|12|7|3"|8|1|3--12|3--12|Glue, surprise|Camouflage|Standard|Glue, surprise; Camouflage|L|Average|Neutral|Nil|Nil|Rare|1|Nil|Nil|VI|1000\+10/hp
mimic_killer_9hd|9-HD Killer Mimic||Mimic|12|7|3"|9|1|3--12|3--12|Glue, surprise|Camouflage|Standard|Glue, surprise; Camouflage|L|Semi-|Neutral|Nil|Nil|Rare|1|Nil|Nil|VII|1300\+12/hp
mimic_killer_10hd|10-HD Killer Mimic||Mimic|10|7|3"|10|1|3--12|3--12|Glue, surprise|Camouflage|Standard|Glue, surprise; Camouflage|L|Semi-|Neutral|Nil|Nil|Rare|1|Nil|Nil|VII|1950\+14/hp
mind_flayer|Mind Flayer|||12|5|12"|8+4|4|2\?2\?2\?2|4\x2|Mind blast; tentacles kill in 1--4 rounds|Nil|90\%|Mind blast, psionics, brain extraction; MR 90\%|M|Genius|Lawful Evil|241--340|W, F, G, H|Rare|1--4|50\%|B, S, T, X|VIII|2800\+12/hp
minotaur|Minotaur|||13|6|12"|6+3|2|2--8 or 1--4\?By weapon type|2--8 or 1--4\?By weapon type|Nil|Surprised only on a 1|Standard|Surprised only on a 1; Tracks by scent with 50\% accuracy|L|Low|Chaotic Evil|Nil|Nil|Rare|1--8|20\%|C|V|350\+8/hp
mold_brown|Brown Mold||Mold|-|9|0"|-|0|0|0|Freezing|Affected only by magical cold|See below|Drains heat; Grows from heat; Affected only by magical cold|S to L|Non-|Neutral|Nil|Nil|Very rare|1 patch|Nil|Nil|Nil|nil
mold_yellow|Yellow Mold||Mold|-|9|0"|-|1|1--8|1--8|Poison spores|Affected only by fire|See below|Poison spores; Affected only by fire; Intelligent colonies use psionics|S to L|Non- (see below)|Neutral|Nil (see below)|Nil (see below)|Uncommon|1 patch|Nil|Nil|Nil|nil
morkoth|Morkoth|||13|3|18"|7|1|1--10|1--10|Hypnosis, charm|Spell reflection|See below|Hypnosis, charm; Spell reflection|M|Exceptional|Chaotic Evil|Nil|Nil|Very rare|1|100\%|G|VII|1050\+8/hp
morlock|Morlock||Morkoth|13|3|18"|7|1|1--10|1--10|Hypnosis, charm|Spell reflection|See below|Hypnosis, charm; Spell reflection|M|Exceptional|Chaotic Evil|Nil|Nil|Very rare|1|100\%|G|VII|1050\+8/hp
mule|Mule|||16|7|12"|3|1 or 2|1--2/1--6|1--2/1--6|Nil|Nil|Standard||L|Semi-|Neutral|Nil|Nil|Common|1|Nil|Nil|II|35\+3/hp
mummy|Mummy|Mummies||13|3|6"|6+3|1|1--12|1--12|Fear, paralysis, disease|Magic weapons to hit; Half damage; Immunities|See below|Fear (paralysis); Mummy rot; Magic weapons to hit; Half damage; Immune to sleep, charm, hold, cold, poison, and paralysis|M|Low|Lawful Evil|Nil|Nil|Rare|2--8|80\%|D|VII|1150\+8/hp
naga_guardian|Guardian Naga||Naga|10\?9|3|15"|11--12|2|1--6\?2--8|1--6\?2--8|Poison bite and spit, spell use|Nil|Standard|Poison bite/spit, spell use|L (20' long)|Exceptional|Lawful Good|Nil|Nil|Very rare|1--2|75\%|H|VIII|3700\+16/hp
naga_guardian_11hd|Guardian Naga||Naga|10|3|15"|11|2|1--6\?2--8|1--6\?2--8|Poison bite and spit, spell use|Nil|Standard|Poison bite/spit, spell use|L (20' long)|Exceptional|Lawful Good|Nil|Nil|Very rare|1--2|75\%|H|VIII|3700\+16/hp
naga_guardian_12hd|Guardian Naga||Naga|9|3|15"|12|2|1--6\?2--8|1--6\?2--8|Poison bite and spit, spell use|Nil|Standard|Poison bite/spit, spell use|L (20' long)|Exceptional|Lawful Good|Nil|Nil|Very rare|1--2|75\%|H|VIII|3700\+16/hp
naga_spirit|Spirit Naga||Naga|12\?10|4|12"|9--10|1|1--3|1--3|Poison bite, permanent charm gaze, spell use|Nil|Standard|Poison bite, permanent charm gaze, spell use|L (15' long)|High|Chaotic Evil|Nil|Nil|Rare|1--3|60\%|B, T, X|VII|(by HD)
naga_spirit_9hd|Spirit Naga||Naga|12|4|12"|9|1|1--3|1--3|Poison bite, permanent charm gaze, spell use|Nil|Standard|Poison bite, permanent charm gaze, spell use|L (15' long)|High|Chaotic Evil|Nil|Nil|Rare|1--3|60\%|B, T, X|VII|1800\+12/hp
naga_spirit_10hd|Spirit Naga||Naga|10|4|12"|10|1|1--3|1--3|Poison bite, permanent charm gaze, spell use|Nil|Standard|Poison bite, permanent charm gaze, spell use|L (15' long)|High|Chaotic Evil|Nil|Nil|Rare|1--3|60\%|B, T, X|VII|2700\+14/hp
naga_water|Water Naga||Naga|13\?12|5|9"//18"|7--8|1|1--4|1--4|Poison bite, spell use|Nil|Standard|Poison bite, spell use|M (10' long)|Very|Neutral|Nil|Nil|Uncommon|1--4|45\%|D|VII|(by HD)
naga_water_7hd|Water Naga||Naga|13|5|9"//18"|7|1|1--4|1--4|Poison bite, spell use|Nil|Standard|Poison bite, spell use|M (10' long)|Very|Neutral|Nil|Nil|Uncommon|1--4|45\%|D|VII|700\+8/hp
naga_water_8hd|Water Naga||Naga|12|5|9"//18"|8|1|1--4|1--4|Poison bite, spell use|Nil|Standard|Poison bite, spell use|M (10' long)|Very|Neutral|Nil|Nil|Uncommon|1--4|45\%|D|VII|1100\+10/hp
neo_otyugh|Neo-Otyugh|||12\?10\?9|0|6"|9--12|3|2--12\?2--12\?1--3|2--12\x2\?1--3|Disease|Never surprised|Standard|Disease; Never surprised; Semi-telepathy|L (up to 8' diameter)|Average-very|Neutral|Nil|Nil|Rare|1|Nil|See below|VII--VIII|(by HD)
neo_otyugh_9hd|Neo-Otyugh|||12|0|6"|9|3|2--12\?2--12\?1--3|2--12\x2\?1--3|Disease|Never surprised|Standard|Disease; Never surprised; Semi-telepathy|L (up to 8' diameter)|Average-very|Neutral|Nil|Nil|Rare|1|Nil|See below|VII|1600\+12/hp
neo_otyugh_10hd|Neo-Otyugh|||10|0|6"|10|3|2--12\?2--12\?1--3|2--12\x2\?1--3|Disease|Never surprised|Standard|Disease; Never surprised; Semi-telepathy|L (up to 8' diameter)|Average-very|Neutral|Nil|Nil|Rare|1|Nil|See below|VII|2400\+14/hp
neo_otyugh_11hd|Neo-Otyugh|||10|0|6"|11|3|2--12\?2--12\?1--3|2--12\x2\?1--3|Disease|Never surprised|Standard|Disease; Never surprised; Semi-telepathy|L (up to 8' diameter)|Average-very|Neutral|Nil|Nil|Rare|1|Nil|See below|VIII|3550\+16/hp
neo_otyugh_12hd|Neo-Otyugh|||9|0|6"|12|3|2--12\?2--12\?1--3|2--12\x2\?1--3|Disease|Never surprised|Standard|Disease; Never surprised; Semi-telepathy|L (up to 8' diameter)|Average-very|Neutral|Nil|Nil|Rare|1|Nil|See below|VIII|3550\+16/hp
night_hag|Night Hag|||12|9|9"|8|1|2--12|2--12|Sleep, dream riding, spell use, gating|Iron, silver or +3 weapons to hit; Immunities; Periapt (+2 saves)|65\%|Sleep and Constitution drain; Spell use and gating; Weapon immunity and spell immunities; MR 65\%; Periapt (+2 saves)|M|Exceptional|Neutral Evil|Nil|Nil|Very rare|1|Nil|Nil|VII|2450\+10/hp
nightmare|Nightmare|||13|-4|15"/36"|6+6|3|2--8\?4--10\?4--10|2--8\?4--10\x2|Nil|Smoke cloud; Ethereal and astral travel|Standard|Smoke cloud (-2 to hit and damage); Ethereal and astral travel|L|High|Neutral Evil|Nil|Nil|Very rare|1|Nil|Nil|VI|725\+8/hp
nixie|Nixie|Nixies||21|7|6"//12"|\half|1|By weapon type|By weapon type|Group charm, summon fish|Nil|25\%|Group charm, summon fish; MR 25\%, fire/light aversion|S (4' tall)|Very|Neutral|Nil|Nil|Rare|20--80|95\%|C, Q|II|57\+1/hp
nymph|Nymph|||--|9|12"|3|0|Nil|Nil|Permanent blindness or death, spell use|Dimension door|50\%|Sight causes permanent blindness or death, spell use; Dimension door, MR 50\%|M|Exceptional|Neutral Good|Nil|Nil|Very rare|1--4|100\%|Q (\x10), X|V|270\+3/hp
ochre_jelly|Ochre Jelly|Ochre Jellies||13|8|3"|6|1|3--12|3--12|Nil|Lightning divides it|Standard|Lightning divides it; Flows through small spaces and along walls or ceilings|M|Non-|Neutral|Nil|Nil|Uncommon|1--3|Nil|Nil|III|225\+6/hp
octopus_giant|Giant Octopus|||12|7|3"//12"|8|7|1--4\x6\?2--12|1--4\x6\?2--12|Constriction and limb pinning|Tentacles have 8 hp each; Ink cloud and camouflage|Standard|Constriction and limb pinning; Severable tentacles, ink cloud and camouflage|L|Animal|Neutral Evil|Nil|Nil|Rare|1--3|70\%|R|VI|725\+10/hp
ogre|Ogre|||15|5|9"|4+1|1|1--10 or by weapon|1--10|Nil|Nil|Standard||L (9'+ tall)|Low|Chaotic Evil|Nil|Nil|Common|2--20|20\%|Individuals M (\x10); Q, B, S in lair|III|90\+5/hp
ogre_leader|Ogre Leader|||13|4|9"|7 (30--33 hp)|1|2--12 or by weapon|2--12|Nil|Nil|Standard||L (9'+ tall)|Low|Chaotic Evil|Nil|Nil|Common|2--20|20\%|Individuals M (\x10); Q, B, S in lair|IV|225\+8/hp
ogre_chieftain|Ogre Chieftain|||13|3|9"|7 (34--37 hp)|1|4--14 or by weapon|4--14|Nil|Nil|Standard||L (9'+ tall)|Low|Chaotic Evil|Nil|Nil|Common|2--20|20\%|Individuals M (\x10); Q, B, S in lair|IV|225\+8/hp
ogre_female|Ogre Female|||15|5|9"|4+1 (6 max per)|1|2--8 or by weapon|2--8|Nil|Nil|Standard||L (9'+ tall)|Low|Chaotic Evil|Nil|Nil|Common|2--20|20\%|Individuals M (\x10); Q, B, S in lair|III|90\+5/hp
ogre_child|Ogre Child|Ogre Children||20|6|9"|1-1|1|1--6 or by weapon|1--6|Nil|Nil|Standard||M|Low|Chaotic Evil|Nil|Nil|Common|2--20|20\%|Individuals M (\x10); Q, B, S in lair|I|10\+1/hp
ogre_mage|Ogre Mage|Ogre Magi||15|4|9"/15"|5+2|1|1--12|1--12|Magic and spell use|Regeneration|Standard|Fly, invisibility, darkness, polymorph, charm, sleep, gaseous form and cone of cold; Regeneration|L (10\half' tall)|Average to exceptional|Lawful Evil|Nil|Nil|Very rare|1--6|35\%|G (magic), R, S|VI|900\+6/hp
ogre_mage_chieftain|Ogre Mage Chieftain|Ogre Mage Chieftains||12|4|9"/15"|5+12|1|3--14|3--14|Magic and spell use; Attacks as 9 HD|Regeneration; Saves as 9 HD|Standard|Fly, invisibility, darkness, polymorph, charm, sleep, gaseous form and cone of cold; Regeneration; Attacks and saves as 9 HD|L (10\half' tall)|Average to exceptional|Lawful Evil|Nil|Nil|Very rare|1|35\%|G (magic), R, S|VI|975\+6/hp
orc|Orc|||19|6|9"|1|1|1--8 or by weapon|1--8|Nil|Nil|Standard||M (6'+ tall)|Average-low|Lawful Evil|Nil|Nil|Common|30--300|35\%|Individuals L; C, O, Q (\x10), S in lair|I|10\+1/hp
orc_leader|Orc Leader|||19|6|9"|1 (8 hp)|1|1--8 or by weapon|1--8|Nil|Nil|Standard||M (6'+ tall)|Average-low|Lawful Evil|Nil|Nil|Common|30--300|35\%|Individuals L; C, O, Q (\x10), S in lair|I|10\+1/hp
orc_assistant|Orc Assistant|||19|6|9"|1 (8 hp)|1|1--8 or by weapon|1--8|Nil|Nil|Standard||M (6'+ tall)|Average-low|Lawful Evil|Nil|Nil|Common|30--300|35\%|Individuals L; C, O, Q (\x10), S in lair|I|10\+1/hp
orc_subchief|Orc Subchief|||16|4|9"|11 hp|1|2--7 or by weapon|2--7|Nil|Nil|Standard|Attacks as 2 HD|M (6'+ tall)|Average|Lawful Evil|Nil|Nil|Common|30--300|35\%|Individuals L; C, O, Q (\x10), S in lair|I|20\+2/hp
orc_guard|Orc Guard|||16|4|9"|11 hp|1|2--7 or by weapon|2--7|Nil|Nil|Standard|Attacks as 2 HD|M (6'+ tall)|Average|Lawful Evil|Nil|Nil|Common|30--300|35\%|Individuals L; C, O, Q (\x10), S in lair|I|20\+2/hp
orc_chief|Orc Chief|||16|4|9"|13--16 hp|1|2--8 or by weapon|2--8|Nil|Nil|Standard|Attacks as 3 HD|M (6'+ tall)|Average-high|Lawful Evil|Nil|Nil|Common|30--300|35\%|Individuals L; C, O, Q (\x10), S in lair|I|20\+2/hp
orc_bodyguard|Orc Bodyguard|||16|4|9"|13--16 hp|1|2--8 or by weapon|2--8|Nil|Nil|Standard|Attacks as 3 HD|M (6'+ tall)|Average-high|Lawful Evil|Nil|Nil|Common|30--300|35\%|Individuals L; C, O, Q (\x10), S in lair|I|20\+2/hp
otter_giant|Giant Otter|||15|5|9"//18"|5|1|3--18|3--18|Nil|Nil|Standard||L|Semi-|Neutral|Nil|Nil|Rare|2--5|10\%|Nil|III|90\+5/hp
otyugh|Otyugh|Otyughs||13\?12|3|6"|6--8|3|1--8\?1--8\?2--5|1--8\x2\?2--5|Disease|Never surprised|Standard|Disease; Never surprised; Semi-telepathy|M--L|Low-average|Neutral|Nil|Nil|Uncommon|1 (2)|Nil|See below|V--VI|(by HD)
otyugh_6hd|Otyugh|Otyughs||13|3|6"|6|3|1--8\?1--8\?2--5|1--8\x2\?2--5|Disease|Never surprised|Standard|Disease; Never surprised; Semi-telepathy|M--L|Low-average|Neutral|Nil|Nil|Uncommon|1 (2)|Nil|See below|V|350\+6/hp
otyugh_7hd|Otyugh|Otyughs||13|3|6"|7|3|1--8\?1--8\?2--5|1--8\x2\?2--5|Disease|Never surprised|Standard|Disease; Never surprised; Semi-telepathy|M--L|Low-average|Neutral|Nil|Nil|Uncommon|1 (2)|Nil|See below|VI|525\+8/hp
otyugh_8hd|Otyugh|Otyughs||12|3|6"|8|3|1--8\?1--8\?2--5|1--8\x2\?2--5|Disease|Never surprised|Standard|Disease; Never surprised; Semi-telepathy|M--L|Low-average|Neutral|Nil|Nil|Uncommon|1 (2)|Nil|See below|VI|825\+10/hp
owl_giant|Giant Owl|||15|6|3"/18"|4|3|2--8\?2--8\?2--5|2--8\x2\?2--5|Surprises on 1--5|Nil|Standard|Surprises on 1--5|M|Very|Neutral|Nil|Nil|Rare|2--5|5\%|Q(\x5), X|III|85\+4/hp
owlbear|Owlbear|Owlbears||15|5|12"|5+2|3|1--6\?1--6\?2--12 (\+2--16 hug)|1--6\x2\?2--12 (\+2--16)|Hug (2--16) with paw hit of 18|Nil|Standard|Hug (2--16) with paw hit of 18|L (8' tall)|Low|Neutral|Nil|Nil|Rare|2--5|30\%|C|IV|225\+6/hp
pegasus|Pegasus|Pegasi||15|6|24"/48"|4|3|1--8\?1--8\?1--3|1--8\x2\?1--3|Nil|Nil|Standard||L|Average|Chaotic Good|Nil|Nil|Very rare|1--10|15\%|Nil|III|60\+4/hp
peryton|Peryton|Perytons||15|7|12"/21"|4|1|4--16|4--16|+2 to hit|+1 or better weapon to hit|Standard|+2 to hit; +1 weapon to hit|M|Average|Chaotic Evil|Nil|Nil|Rare|2--8|10\%|B|III|110\+4/hp
piercer|Piercer|||19--15|3|1"|1--4|1|1--6, 2--12, 3--18 or 4--24|(by size)|95\% likely to surprise|Nil|Standard|95\% chance to surprise|S to M|Non-|Neutral|Nil|Nil|Uncommon|3--18|Nil|Nil|I--III|(by size)
piercer_1hd|Piercer|||19|3|1"|1|1|1--6|1--6|95\% likely to surprise|Nil|Standard|95\% chance to surprise|S|Non-|Neutral|Nil|Nil|Uncommon|3--18|Nil|Nil|I|14\+1/hp
piercer_2hd|Piercer|||16|3|1"|2|1|2--12|2--12|95\% likely to surprise|Nil|Standard|95\% chance to surprise|S|Non-|Neutral|Nil|Nil|Uncommon|3--18|Nil|Nil|II|28\+2/hp
piercer_3hd|Piercer|||16|3|1"|3|1|3--18|3--18|95\% likely to surprise|Nil|Standard|95\% chance to surprise|M|Non-|Neutral|Nil|Nil|Uncommon|3--18|Nil|Nil|II|50\+3/hp
piercer_4hd|Piercer|||15|3|1"|4|1|4--24|4--24|95\% likely to surprise|Nil|Standard|95\% chance to surprise|M|Non-|Neutral|Nil|Nil|Uncommon|3--18|Nil|Nil|III|85\+4/hp
pike_giant|Giant Pike|||15|5|36"|4|1|4--16|4--16|Surprises on 1--4|Nil|Standard|Surprises on 1--4|L (9'--14' long)|Non-|Neutral|Nil|Nil|Rare|1--8|Nil|Nil|III|85\+4/hp
pixie|Pixie|Pixies||21|5|6"/12"|1--4 hp|1|By weapon type|By weapon|+4 to hit with arrows; Sleep and memory-loss arrows; Spell use|Invisible; -4 on opponents' to-hit dice|25\%|Invisibility; +4 to hit and special arrows; Spell use; MR 25\%|S (2\half' tall)|Exceptional|Neutral|Nil|Nil|Very rare|5--20|5\%|R, S, T, X|III|105\+1/hp
porcupine_giant|Giant Porcupine|||13|5|6"|6|1|2--8|2--8|Shoots 1--8 quills (1--4 each)|Melee attackers suffer 1--4 quill hits (1--4 each)|Standard|Shoots quills; Defensive quills|L|Animal|Neutral|Nil|Nil|Uncommon|1--2|Nil|Nil|V|350\+6/hp
portuguese_man_o_war_giant|Giant Portuguese Man-O-War|||19\?16\?15|9|1"|1--4|1|1--10|1--10|Paralyzing poison; Victim drawn up and devoured in 3--12 turns|Transparent (90\% undetectable)|Standard|Paralyzing poison; Transparent (90\% undetectable)|S to L|Non-|Neutral|Nil|Nil|Uncommon|1--10|0\%|Nil|III--IV|(by HD)
portuguese_man_o_war_giant_1hd|Giant Portuguese Man-O-War|||19|9|1"|1|1|1--10|1--10|Paralyzing poison; Victim drawn up and devoured in 3--12 turns|Transparent (90\% undetectable)|Standard|Paralyzing poison; Transparent (90\% undetectable)|S|Non-|Neutral|Nil|Nil|Uncommon|1--10|0\%|Nil|III|80\+1/hp
portuguese_man_o_war_giant_2hd|Giant Portuguese Man-O-War|||16|9|1"|2|1|1--10|1--10|Paralyzing poison; Victim drawn up and devoured in 3--12 turns|Transparent (90\% undetectable)|Standard|Paralyzing poison; Transparent (90\% undetectable)|M|Non-|Neutral|Nil|Nil|Uncommon|1--10|0\%|Nil|III|110\+2/hp
portuguese_man_o_war_giant_3hd|Giant Portuguese Man-O-War|||16|9|1"|3|1|1--10|1--10|Paralyzing poison; Victim drawn up and devoured in 3--12 turns|Transparent (90\% undetectable)|Standard|Paralyzing poison; Transparent (90\% undetectable)|L|Non-|Neutral|Nil|Nil|Uncommon|1--10|0\%|Nil|III|145\+3/hp
portuguese_man_o_war_giant_4hd|Giant Portuguese Man-O-War|||15|9|1"|4|1|1--10|1--10|Paralyzing poison; Victim drawn up and devoured in 3--12 turns|Transparent (90\% undetectable)|Standard|Paralyzing poison; Transparent (90\% undetectable)|L|Non-|Neutral|Nil|Nil|Uncommon|1--10|0\%|Nil|IV|190\+4/hp
pseudo_dragon|Pseudo-Dragon|Pseudo-Dragons||16|2|6"/24"|2|1|1--3|1--3|Poison sting (+4 to hit; catalepsy for 1--6 days, 25\% death); Sees invisible|Chameleon power (80\% undetectable)|35\%|Poison sting; Sees invisible; Chameleon power; MR 35\%; Limited telepathy|S (1\half' long)|Average|Neutral (good)|Nil|Nil|Very rare|1|5\%|Q (\x10)|IV|200\+2/hp
quasit|Quasit|||16|2|15"|3|3|1--2\?1--2\?1--4|1--2/1--2/1--4|Claw hits drain 1 Dexterity (save vs. poison negates); Polymorph; Detect good and magic; Invisible; Fear blast 1/day|Regenerates 1 hp/round; Hit only by magic or cold iron weapons; Immune to cold, fire, and lightning; Saves as 7 HD|25\%|Dexterity drain; Spell-like abilities; Regeneration; Magic or cold iron weapons to hit; MR 25\% and enhanced saves; Elemental immunities|S|Low|Chaotic Evil|Nil|Nil|Very rare|1|0\%|Q (\x3)|IV|325\+3/hp
purple_worm|Purple Worm|Purple Worms||8|6|9"|15|1 and 1|2--24\?2--8|2--24\?2--8|Swallows whole; Poison sting (save or die)|Nil|Standard|Swallows whole; Poison sting|L (50' long)|Non-|Neutral|Nil|Nil|Rare|1--2|30\%|B, Q (\x5), X|IX|5600\+20/hp
mottled_worm|Mottled Worm|Mottled Worms|Purple Worm|8|6|9"|15|1 and 1|2--24\?2--8|2--24\?2--8|Swallows whole; Poison sting (save or die)|Nil|Standard|Swallows whole; Poison sting|L (50' long)|Non-|Neutral|Nil|Nil|Rare|1--2|30\%|B, Q (\x5), X|IX|5600\+20/hp
rakshasa|Rakshasa|||13|-4|15"|7|3|1--3\?1--3\?2--5|2\x1--3\?2--5|ESP, illusion, and spell use|Immune to spells below 8th level; Non-magical weapons cannot harm; +1 or +2 weapons do half damage; Blessed crossbow bolts kill|Special|ESP and illusion; Spell use; Spell immunity below 8th level; Weapon immunity and resistance|M|Very|Lawful Evil|Nil|Nil|Very rare to rare|1--4|25\%|F|VI|925\+8/hp
ram_giant|Giant Ram|||15|6|15"|4|1|2--12|2--12|Charge (4--24)|Nil|Standard|Charge (4--24)|L (6' at shoulder)|Animal|Neutral|Nil|Nil|Rare|2--8|Nil|Nil|III|85\+4/hp
rat_giant|Giant Rat|||21|7|12"//6"|\half|1|1--3|1--3|Disease, +5\% chance per wound|Nil|Standard|Disease, +5\% chance per wound|S|Semi-|Neutral Evil|Nil|Nil|Common|5--50|10\%|C|I|7\+1/hp
ray_manta|Manta Ray||Ray|12\?10|6|18"|8--11|1 and 1|3--12\?2--20|3--12\?2--20|Swallows whole; Tail strike stuns 2--8 rounds|Nil|Standard|Swallows whole; Stunning tail; Maximum damage 32 with two attacks|L (32'--44' across)|Non-|Neutral|Nil|Nil|Uncommon|1|0\%|J--N (\x10), O (\x5), X|VII--VIII|(by HD)
ray_manta_8hd|Manta Ray||Ray|12|6|18"|8|1 and 1|3--12\?2--20|3--12\?2--20|Swallows whole; Tail strike stuns 2--8 rounds|Nil|Standard|Swallows whole; Stunning tail; Maximum damage 32 with two attacks|L (32'--44' across)|Non-|Neutral|Nil|Nil|Uncommon|1|0\%|J--N (\x10), O (\x5), X|VII|1200\+10/hp
ray_manta_9hd|Manta Ray||Ray|12|6|18"|9|1 and 1|3--12\?2--20|3--12\?2--20|Swallows whole; Tail strike stuns 2--8 rounds|Nil|Standard|Swallows whole; Stunning tail; Maximum damage 32 with two attacks|L (32'--44' across)|Non-|Neutral|Nil|Nil|Uncommon|1|0\%|J--N (\x10), O (\x5), X|VII|1800\+12/hp
ray_manta_10hd|Manta Ray||Ray|10|6|18"|10|1 and 1|3--12\?2--20|3--12\?2--20|Swallows whole; Tail strike stuns 2--8 rounds|Nil|Standard|Swallows whole; Stunning tail; Maximum damage 32 with two attacks|L (32'--44' across)|Non-|Neutral|Nil|Nil|Uncommon|1|0\%|J--N (\x10), O (\x5), X|VII|2700\+14/hp
ray_manta_11hd|Manta Ray||Ray|10|6|18"|11|1 and 1|3--12\?2--20|3--12\?2--20|Swallows whole; Tail strike stuns 2--8 rounds|Nil|Standard|Swallows whole; Stunning tail; Maximum damage 32 with two attacks|L (32'--44' across)|Non-|Neutral|Nil|Nil|Uncommon|1|0\%|J--N (\x10), O (\x5), X|VIII|3850\+16/hp
ray_pungi|Pungi Ray||Ray|15|7|12"|4|1--12|1--4 each|1--4 each|Poison spines (save or die)|90\% indistinguishable from seaweed|Standard|Save-or-die poison spines; 90\% concealment|L (15' across, 6' long)|Non-|Neutral|Nil|Nil|Rare|1--3|0\%|Nil|V|410\+4/hp
ray_sting|Sting Ray||Ray|19|7|9"|1|1|1--3|1--3|Paralyzing poison (5--20 turns and 5--20 damage)|90\% invisible under sand|Standard|Paralyzing and damaging poison; 90\% concealment|S|Non-|Neutral|Nil|Nil|Common|1--3|0\%|Nil|III|80\+1/hp
remorhaz|Remorhaz|||13\?12\?10\?9\?8|0\,(2,4)|12"|7--14|1|6--36|6--36|Swallows whole on natural 20|Non-magical weapons striking back melt; Back contact inflicts 10--100 damage|75\%|Swallows whole; Maximum damage 36; Weapon-melting back; Back heat 10--100; MR 75\%|L (21'--42' long)|Animal|Neutral|Nil|Nil|Very rare|1|20\%|F|VII--X|(by HD)
remorhaz_7hd|Remorhaz|||13|0\,(2,4)|12"|7|1|6--36|6--36|Swallows whole on natural 20|Non-magical weapons striking back melt; Back contact inflicts 10--100 damage|75\%|Swallows whole; Maximum damage 36; Weapon-melting back; Back heat 10--100; MR 75\%|L (21' long)|Animal|Neutral|Nil|Nil|Very rare|1|20\%|F|VII|1700\+8/hp
remorhaz_8hd|Remorhaz|||12|0\,(2,4)|12"|8|1|6--36|6--36|Swallows whole on natural 20|Non-magical weapons striking back melt; Back contact inflicts 10--100 damage|75\%|Swallows whole; Maximum damage 36; Weapon-melting back; Back heat 10--100; MR 75\%|L (24' long)|Animal|Neutral|Nil|Nil|Very rare|1|20\%|F|VII|2650\+10/hp
remorhaz_9hd|Remorhaz|||12|0\,(2,4)|12"|9|1|6--36|6--36|Swallows whole on natural 20|Non-magical weapons striking back melt; Back contact inflicts 10--100 damage|75\%|Swallows whole; Maximum damage 36; Weapon-melting back; Back heat 10--100; MR 75\%|L (27' long)|Animal|Neutral|Nil|Nil|Very rare|1|20\%|F|VIII|4000\+12/hp
remorhaz_10hd|Remorhaz|||10|0\,(2,4)|12"|10|1|6--36|6--36|Swallows whole on natural 20|Non-magical weapons striking back melt; Back contact inflicts 10--100 damage|75\%|Swallows whole; Maximum damage 36; Weapon-melting back; Back heat 10--100; MR 75\%|L (30' long)|Animal|Neutral|Nil|Nil|Very rare|1|20\%|F|IX|6000\+14/hp
remorhaz_11hd|Remorhaz|||10|0\,(2,4)|12"|11|1|6--36|6--36|Swallows whole on natural 20|Non-magical weapons striking back melt; Back contact inflicts 10--100 damage|75\%|Swallows whole; Maximum damage 36; Weapon-melting back; Back heat 10--100; MR 75\%|L (33' long)|Animal|Neutral|Nil|Nil|Very rare|1|20\%|F|IX|8650\+16/hp
remorhaz_12hd|Remorhaz|||9|0\,(2,4)|12"|12|1|6--36|6--36|Swallows whole on natural 20|Non-magical weapons striking back melt; Back contact inflicts 10--100 damage|75\%|Swallows whole; Maximum damage 36; Weapon-melting back; Back heat 10--100; MR 75\%|L (36' long)|Animal|Neutral|Nil|Nil|Very rare|1|20\%|F|IX|8650\+16/hp
remorhaz_13hd|Remorhaz|||8|0\,(2,4)|12"|13|1|6--36|6--36|Swallows whole on natural 20|Non-magical weapons striking back melt; Back contact inflicts 10--100 damage|75\%|Swallows whole; Maximum damage 36; Weapon-melting back; Back heat 10--100; MR 75\%|L (39' long)|Animal|Neutral|Nil|Nil|Very rare|1|20\%|F|X|12100\+18/hp
remorhaz_14hd|Remorhaz|||8|0\,(2,4)|12"|14|1|6--36|6--36|Swallows whole on natural 20|Non-magical weapons striking back melt; Back contact inflicts 10--100 damage|75\%|Swallows whole; Maximum damage 36; Weapon-melting back; Back heat 10--100; MR 75\%|L (42' long)|Animal|Neutral|Nil|Nil|Very rare|1|20\%|F|X|12100\+18/hp
rhinoceros|Rhinoceros|Rhinoceroses||12|6|12"|8--9|1|2--8 or 2--12|2--8 or 2--12|Charge/trample (double normal damage; trample 2--8 per forefoot)|Nil|Standard|Charge and trample|L|Animal|Neutral|Nil|Nil|Common|1--6|Nil|Nil|VI|(by HD)
rhinoceros_8hd|One-Horned Rhinoceros||Rhinoceros|12|6|12"|8|1|2--8|2--8|Charge (4--16); Trample (2--8 per forefoot)|Nil|Standard|Charge and trample|L|Animal|Neutral|Nil|Nil|Common|1--6|Nil|Nil|VI|550\+10/hp
rhinoceros_9hd|Two-Horned Rhinoceros||Rhinoceros|12|6|12"|9|1|2--12|2--12|Charge (4--24); Trample (2--8 per forefoot)|Nil|Standard|Charge and trample|L|Animal|Neutral|Nil|Nil|Common|1--6|Nil|Nil|VI|900\+12/hp
rhinoceros_woolly|Woolly Rhinoceros|Woolly Rhinoceroses|Rhinoceros|10|5|12"|10|1|2--12|2--12|Charge (4--24); Trample (2--8 per forefoot)|Nil|Standard|Charge and trample|L|Animal|Neutral|Nil|Nil|Common|1--4|Nil|Nil|VII|1350\+14/hp
roc|Roc|||7|4|3"/30"|18|2 or 1|3--18\?3--18 or 4--24|2\x3--18 or 4--24|Nil|Nil|Standard|Maximum damage 36 with two talon attacks|L (60'+ wingspread)|Animal|Neutral|Nil|Nil|Rare|1--2|10\%|C|VIII|5000\+25/hp
roper|Roper|||10\?9|0|3"|10--12|1|5--20|5--20|Six strands cause weakness and drag victims 10' per round|Stalagmite or cavern-floor disguise|80\%|AC 0; Six weakness-causing strands; Disguise; MR 80\%|L (9' long, 3' diameter)|Exceptional|Chaotic Evil|Nil|Nil|Rare|1--3|90\%|20--80 pp and 5--20 gems (35\%)|VIII|(by HD)
roper_10hd|Roper|||10|0|3"|10|1|5--20|5--20|Six strands cause weakness and drag victims 10' per round|Stalagmite or cavern-floor disguise|80\%|AC 0; Six weakness-causing strands; Disguise; MR 80\%|L (9' long, 3' diameter)|Exceptional|Chaotic Evil|Nil|Nil|Rare|1--3|90\%|20--80 pp and 5--20 gems (35\%)|VIII|3450\+14/hp
roper_11hd|Roper|||10|0|3"|11|1|5--20|5--20|Six strands cause weakness and drag victims 10' per round|Stalagmite or cavern-floor disguise|80\%|AC 0; Six weakness-causing strands; Disguise; MR 80\%|L (9' long, 3' diameter)|Exceptional|Chaotic Evil|Nil|Nil|Rare|1--3|90\%|20--80 pp and 5--20 gems (35\%)|VIII|5100\+16/hp
roper_12hd|Roper|||9|0|3"|12|1|5--20|5--20|Six strands cause weakness and drag victims 10' per round|Stalagmite or cavern-floor disguise|80\%|AC 0; Six weakness-causing strands; Disguise; MR 80\%|L (9' long, 3' diameter)|Exceptional|Chaotic Evil|Nil|Nil|Rare|1--3|90\%|20--80 pp and 5--20 gems (35\%)|VIII|5100\+16/hp
rot_grub|Rot Grub|||-|9|1"|\sfrac{1}{8}|0|Nil|Nil|Burrows into flesh and kills in 1--3 turns|Nil|Standard|Lethal burrowing infestation|S|Non-|Neutral|Nil|Nil|Rare|5--20|Nil|Nil|II|30\+1/hp
rust_monster|Rust Monster|||15|2|18"|5|2|Nil|Nil|Antennae corrode metal; Magic items have 10\% survival chance per plus|Metal weapons striking it corrode|Standard|Metal corrosion by antennae or striking weapons|M|Animal|Neutral|Nil|Nil|Uncommon|1--2|10\%|Q (\x10)|V|290\+5/hp
sahuagin|Sahuagin|Sahuagin||10--16\?19|1--5|12"//24"|1--10+10|1--7|By weapon or natural attacks|By weapon or natural attacks|Nets, unarmed multiattack, cleric spells and leader damage multipliers by role|Keen underwater sight and hearing|Standard|Nets, unarmed multiattack, spells and leader damage by role; Keen underwater senses|M (some L)|High to Genius|Lawful Evil|Nil|Nil|Uncommon|20--80|25\%|Individuals N; I, O, P, Q (\x10), X, Y in lair|I--VII|(by role)
sahuagin_hatchling|Sahuagin Hatchling||Sahuagin|19|5|12"//24"|1|1|By weapon or natural attack|By weapon or natural attack|Nil|Keen underwater sight and hearing|Standard|Keen underwater senses|S|High|Lawful Evil|Nil|Nil|Uncommon|10--40|25\%|Individuals N; I, O, P, Q (\x10), X, Y in lair|I|10\+1/hp
sahuagin_female|Female Sahuagin|Female Sahuagin|Sahuagin|16|5|12"//24"|2|1 or 3 or 5|By weapon or 1--2\?1--2\?1--4\?1--4\?1--4|By weapon or 2\x1--2\?3\x1--4|Nets; Unarmed claw, bite and rake routine|Keen underwater sight and hearing|Standard|Nets, unarmed multiattack; Keen underwater senses|M|High|Lawful Evil|Nil|Nil|Uncommon|30--120|25\%|Individuals N; I, O, P, Q (\x10), X, Y in lair|I|20\+2/hp
sahuagin_standard|Sahuagin|Sahuagin|Sahuagin|16|5|12"//24"|2+2|1 or 3 or 5|By weapon or 1--2\?1--2\?1--4\?1--4\?1--4|By weapon or 2\x1--2\?3\x1--4|Nets; Unarmed claw, bite and rake routine|Keen underwater sight and hearing|Standard|Nets, unarmed multiattack; Keen underwater senses|M|High|Lawful Evil|Nil|Nil|Uncommon|20--80|25\%|Individuals N; I, O, P, Q (\x10), X, Y in lair|II|35\+3/hp
sahuagin_mutant|Mutant Sahuagin|Mutant Sahuagin|Sahuagin|16|4|12"//24"|2+4|2 or 5 or 7|By weapon or 1--2\?1--2\?1--2\?1--2\?1--4\?1--4\?1--4|By weapon or 4\x1--2\?3\x1--4|Two weapon attacks or 5--7 natural attacks|Keen underwater sight and hearing|Standard|Four-armed combat; Keen underwater senses|L|High|Lawful Evil|Nil|Nil|Uncommon|1 per 100 males|25\%|Individuals N; I, O, P, Q (\x10), X, Y in lair|II|50\+3/hp
sahuagin_guard|Sahuagin Guard||Sahuagin|16|5|12"//24"|3+3|1 or 3 or 5|By weapon or 1--2\?1--2\?1--4\?1--4\?1--4|By weapon or 2\x1--2\?3\x1--4|Nets; Unarmed claw, bite and rake routine|Keen underwater sight and hearing|Standard|Enhanced leader combat; Keen underwater senses|L|Very|Lawful Evil|Nil|Nil|Uncommon|9 per baron|25\%|Individuals N; I, O, P, Q (\x10), X, Y in lair|III|85\+4/hp
sahuagin_lieutenant|Sahuagin Lieutenant||Sahuagin|16|5|12"//24"|3+3|1 or 3 or 5|By weapon or 1--2\?1--2\?1--4\?1--4\?1--4|By weapon or 2\x1--2\?3\x1--4|Nets; Unarmed claw, bite and rake routine|Keen underwater sight and hearing|Standard|Enhanced leader combat; Keen underwater senses|L|Very|Lawful Evil|Nil|Nil|Uncommon|1 per 10 sahuagin|25\%|Individuals N; I, O, P, Q (\x10), X, Y in lair|III|85\+4/hp
sahuagin_chieftain|Sahuagin Chieftain||Sahuagin|15|4|12"//24"|4+4|1 or 3 or 5|By weapon or 1--2\?1--2\?1--4\?1--4\?1--4|By weapon or 2\x1--2\?3\x1--4|Nets; Unarmed claw, bite and rake routine|Keen underwater sight and hearing|Standard|Enhanced leader combat; Keen underwater senses|L|Very|Lawful Evil|Nil|Nil|Uncommon|1|25\%|Individuals N; I, O, P, Q (\x10), X, Y in lair|III|130\+5/hp
sahuagin_baron|Sahuagin Baron||Sahuagin|13|3|12"//24"|6+6|1 or 3 or 5|By weapon or 1--2\?1--2\?1--4\?1--4\?1--4|By weapon or 2\x1--2\?3\x1--4|Nets; Unarmed claw, bite and rake routine|Keen underwater sight and hearing|Standard|Enhanced leader combat; Keen underwater senses|L|Exceptional|Lawful Evil|Nil|Nil|Uncommon|1|25\%|Individuals N; I, O, P, Q (\x10), X, Y in lair|V|350\+8/hp
sahuagin_noble|Sahuagin Noble||Sahuagin|13|3|12"//24"|6+6|1 or 3 or 5|By weapon or 1--2\?1--2\?1--4\?1--4\?1--4|By weapon or 2\x1--2\?3\x1--4|Nets; Unarmed claw, bite and rake routine|Keen underwater sight and hearing|Standard|Enhanced leader combat; Keen underwater senses|L|Exceptional|Lawful Evil|Nil|Nil|Uncommon|1|25\%|Individuals N; I, O, P, Q (\x10), X, Y in lair|V|350\+8/hp
sahuagin_prince|Sahuagin Prince||Sahuagin|12|3|12"//24"|8+8|2 or 5 or 7|Double damage: by weapon or 1--2\?1--2\?1--2\?1--2\?1--4\?1--4\?1--4|Double damage|Double damage; Two weapon attacks or 5--7 natural attacks|Keen underwater sight and hearing|Standard|Four-armed double-damage combat; Keen underwater senses|L|Genius|Lawful Evil|Nil|Nil|Uncommon|1|25\%|Individuals N; I, O, P, Q (\x10), X, Y in lair|VI|900\+12/hp
sahuagin_king|Sahuagin King||Sahuagin|10|1|12"//24"|10+10|2 or 5 or 7|Triple damage: by weapon or 1--2\?1--2\?1--2\?1--2\?1--4\?1--4\?1--4|Triple damage|Triple damage; Two weapon attacks or 5--7 natural attacks|Keen underwater sight and hearing|Standard|Four-armed triple-damage combat, maximum damage 60; Keen underwater senses|L|Genius|Lawful Evil|Nil|Nil|Uncommon|1|25\%|Individuals N; I, O, P, Q (\x10), X, Y in lair|VII|1950\+14/hp
sahuagin_cleric_3rd|3rd-Level Sahuagin Cleric||Sahuagin|16|5|12"//24"|3|1 or 3 or 5|By weapon or 1--2\?1--2\?1--4\?1--4\?1--4|By weapon or 2\x1--2\?3\x1--4|Spells as a 3rd-level cleric; Nets; Unarmed claw, bite and rake routine|Keen underwater sight and hearing|Standard|Minor cleric spells, nets and unarmed multiattack; Keen underwater senses|M to L|Very|Lawful Evil|Nil|Nil|Uncommon|1--4|25\%|Individuals N; I, O, P, Q (\x10), X, Y in lair|III|85\+4/hp
sahuagin_cleric_4th|4th-Level Sahuagin Cleric||Sahuagin|16|5|12"//24"|4|1 or 3 or 5|By weapon or 1--2\?1--2\?1--4\?1--4\?1--4|By weapon or 2\x1--2\?3\x1--4|Spells as a 4th-level cleric; Nets; Unarmed claw, bite and rake routine|Keen underwater sight and hearing|Standard|Minor cleric spells, nets and unarmed multiattack; Keen underwater senses|M to L|Very|Lawful Evil|Nil|Nil|Uncommon|1--4|25\%|Individuals N; I, O, P, Q (\x10), X, Y in lair|III|130\+5/hp
sahuagin_cleric_5th|5th-Level Sahuagin Cleric||Sahuagin|16|5|12"//24"|5|1 or 3 or 5|By weapon or 1--2\?1--2\?1--4\?1--4\?1--4|By weapon or 2\x1--2\?3\x1--4|Spells as a 5th-level cleric; Nets; Unarmed claw, bite and rake routine|Keen underwater sight and hearing|Standard|Cleric spell use, nets and unarmed multiattack; Keen underwater senses|M to L|Very|Lawful Evil|Nil|Nil|Uncommon|1|25\%|Individuals N; I, O, P, Q (\x10), X, Y in lair|V|275\+6/hp
sahuagin_cleric_6th|6th-Level Sahuagin Cleric||Sahuagin|16|5|12"//24"|6|1 or 3 or 5|By weapon or 1--2\?1--2\?1--4\?1--4\?1--4|By weapon or 2\x1--2\?3\x1--4|Spells as a 6th-level cleric; Nets; Unarmed claw, bite and rake routine|Keen underwater sight and hearing|Standard|Cleric spell use, nets and unarmed multiattack; Keen underwater senses|M to L|Very|Lawful Evil|Nil|Nil|Uncommon|1|25\%|Individuals N; I, O, P, Q (\x10), X, Y in lair|V|400\+8/hp
sahuagin_cleric_7th|7th-Level Sahuagin Cleric||Sahuagin|16|5|12"//24"|7|1 or 3 or 5|By weapon or 1--2\?1--2\?1--4\?1--4\?1--4|By weapon or 2\x1--2\?3\x1--4|Spells as a 7th-level cleric; Nets; Unarmed claw, bite and rake routine|Keen underwater sight and hearing|Standard|Cleric spell use, nets and unarmed multiattack; Keen underwater senses|M to L|Very|Lawful Evil|Nil|Nil|Uncommon|1|25\%|Individuals N; I, O, P, Q (\x10), X, Y in lair|VI|650\+10/hp
sahuagin_cleric_8th|8th-Level Sahuagin Cleric||Sahuagin|16|5|12"//24"|8|1 or 3 or 5|By weapon or 1--2\?1--2\?1--4\?1--4\?1--4|By weapon or 2\x1--2\?3\x1--4|Spells as an 8th-level cleric; Nets; Unarmed claw, bite and rake routine|Keen underwater sight and hearing|Standard|Cleric spell use, nets and unarmed multiattack; Keen underwater senses|M to L|Very|Lawful Evil|Nil|Nil|Uncommon|1|25\%|Individuals N; I, O, P, Q (\x10), X, Y in lair|VI|1000\+12/hp
sahuagin_cleric_9th|9th-Level Sahuagin Cleric||Sahuagin|16|5|12"//24"|9|1 or 3 or 5|By weapon or 1--2\?1--2\?1--4\?1--4\?1--4|By weapon or 2\x1--2\?3\x1--4|Spells as a 9th-level cleric; Nets; Unarmed claw, bite and rake routine|Keen underwater sight and hearing|Standard|Cleric spell use, nets and unarmed multiattack; Keen underwater senses|M to L|Very|Lawful Evil|Nil|Nil|Uncommon|1|25\%|Individuals N; I, O, P, Q (\x10), X, Y in lair|VII|1500\+14/hp
sahuagin_high_priestess|Sahuagin High Priestess||Sahuagin|16|5|12"//24"|9|1 or 3 or 5|By weapon or 1--2\?1--2\?1--4\?1--4\?1--4|By weapon or 2\x1--2\?3\x1--4|Spells as a 9th-level cleric; Nets; Unarmed claw, bite and rake routine|Keen underwater sight and hearing|Standard|Cleric spell use, nets and unarmed multiattack; Keen underwater senses|M to L|Very|Lawful Evil|Nil|Nil|Uncommon|1|25\%|Individuals N; I, O, P, Q (\x10), X, Y in lair|VII|1500\+14/hp
salamander|Salamander|||12|5\,(3)|9"|7+7|2|By weapon\?2--12|By weapon\?2--12|Weapon heat inflicts equal damage; Tail constricts for 2--12 plus 1--6 heat|+1 or better weapon to hit; Immune to fire; Sleep, charm and hold ineffective|Standard|Heated weapon, constriction; +1 weapon to hit, fire and limited spell immunity|M|High|Chaotic Evil|Nil|Nil|Rare|2--5|75\%|F|VI|825\+10/hp
satyr|Satyr|||15|5|18"|5|1|2--8|2--8|20\% carry a magical weapon|Surprised only on a 1; 90\% undetectable|50\%|20\% magic weapon; Surprised only on 1, 90\% undetectable, MR 50\%|M|Very|Neutral|Nil|Nil|Uncommon|2--8|40\%|I, X|V|280\+5/hp
satyr_piper|Satyr Piper||Satyr|15|5|18"|5|1|2--8|2--8|Magic pipes cause charm, sleep or fear; 20\% carry a magical weapon|Surprised only on a 1; 90\% undetectable|50\%|Magic pipes, 20\% magic weapon; Surprised only on 1, 90\% undetectable, MR 50\%|M|Very|Neutral|Nil|Nil|Uncommon|1 per band|40\%|I, X|VI|580\+5/hp
scorpion_giant|Giant Scorpion|||13|3|15"|5+5|3|1--10\?1--10\?1--4|2\x1--10\?1--4|Sting poison causes death|Nil|Standard|Save-or-die poison sting|M|Non-|Neutral|Nil|Nil|Uncommon|1--4|50\%|D|VI|650\+6/hp
sea_hag|Sea Hag|||16|7|15"|3|1|By dagger|By dagger|Appearance halves Strength for 1--6 turns; Death gaze 3/day at 3"|Nil|50\%|Weakening appearance, death gaze; MR 50\%|M|Average|Chaotic Evil|Nil|Nil|Uncommon|1--4|10\%|C, Y|VI|600\+3/hp
sea_horse_giant|Giant Sea Horse|||16|7|24"|2--4|1|1--4 to 2--8|1--4 to 2--8|Nil|Nil|Standard||M to L|Semi-|Neutral|Nil|Nil|Common|1--20|Nil|Nil|II|35\+3/hp
sea_horse_giant_2hd|Giant Sea Horse|||16|7|24"|2|1|1--4|1--4|Nil|Nil|Standard||M|Semi-|Neutral|Nil|Nil|Common|1--20|Nil|Nil|I|20\+2/hp
sea_horse_giant_3hd|Giant Sea Horse|||16|7|24"|3|1|2--5|2--5|Nil|Nil|Standard||M|Semi-|Neutral|Nil|Nil|Common|1--20|Nil|Nil|II|35\+3/hp
sea_horse_giant_4hd|Giant Sea Horse|||15|7|24"|4|1|2--8|2--8|Nil|Nil|Standard||L|Semi-|Neutral|Nil|Nil|Common|1--20|Nil|Nil|III|60\+4/hp
sea_lion|Sea Lion|||13|5\,(3)|18"|6|3|1--6\?1--6\?2--12|2\x1--6\?2--12|Nil|Nil|Standard||L|Semi-|Neutral|Nil|Nil|Uncommon|3--12|20\%|B|III|150\+6/hp
shadow|Shadow|||16|7|12"|3+3|1|2--5|2--5|Drain 1 Strength per hit; Victim reduced to 0 Strength becomes a shadow|+1 or better weapon to hit; Immune to sleep, charm, hold and cold; 90\% undetectable except in bright light|Special|Strength drain; +1 weapon to hit, spell and cold immunity, 90\% undetectable|M|Low|Chaotic Evil|Nil|Nil|Rare|2--20|40\%|F|V|265\+4/hp
shambling_mound|Shambling Mound|||12|0|6"|8--11|2|2--16\?2--16|2\x2--16|Suffocation in 2--8 rounds after both attacks hit|Immune to fire; Lightning adds 1 HD; Cold and weapons inflict half or no damage; Resists crushing|See below|Suffocation; AC 0, fire immunity, lightning absorption, cold, weapon and crushing resistance|L (6'--9' tall)|Low|Neutral|Nil|Nil|Rare|1--3|30\%|B, T, X|VII|1800\+10/hp
shambling_mound_8hd|8-HD Shambling Mound||Shambling Mound|12|0|6"|8|2|2--16\?2--16|2\x2--16|Suffocation in 2--8 rounds after both attacks hit|Immune to fire; Lightning adds 1 HD; Cold and weapons inflict half or no damage; Resists crushing|See below|Suffocation; AC 0, fire immunity, lightning absorption, cold, weapon and crushing resistance|L (6'--9' tall)|Low|Neutral|Nil|Nil|Rare|1--3|30\%|B, T, X|VII|1800\+10/hp
shambling_mound_9hd|9-HD Shambling Mound||Shambling Mound|12|0|6"|9|2|2--16\?2--16|2\x2--16|Suffocation in 2--8 rounds after both attacks hit|Immune to fire; Lightning adds 1 HD; Cold and weapons inflict half or no damage; Resists crushing|See below|Suffocation; AC 0, fire immunity, lightning absorption, cold, weapon and crushing resistance|L (6'--9' tall)|Low|Neutral|Nil|Nil|Rare|1--3|30\%|B, T, X|VII|2900\+12/hp
shambling_mound_10hd|10-HD Shambling Mound||Shambling Mound|10|0|6"|10|2|2--16\?2--16|2\x2--16|Suffocation in 2--8 rounds after both attacks hit|Immune to fire; Lightning adds 1 HD; Cold and weapons inflict half or no damage; Resists crushing|See below|Suffocation; AC 0, fire immunity, lightning absorption, cold, weapon and crushing resistance|L (6'--9' tall)|Low|Neutral|Nil|Nil|Rare|1--3|30\%|B, T, X|VIII|4350\+14/hp
shambling_mound_11hd|11-HD Shambling Mound||Shambling Mound|10|0|6"|11|2|2--16\?2--16|2\x2--16|Suffocation in 2--8 rounds after both attacks hit|Immune to fire; Lightning adds 1 HD; Cold and weapons inflict half or no damage; Resists crushing|See below|Suffocation; AC 0, fire immunity, lightning absorption, cold, weapon and crushing resistance|L (6'--9' tall)|Low|Neutral|Nil|Nil|Rare|1--3|30\%|B, T, X|VIII|6500\+16/hp
shark|Shark|||16\?15\?13\?12|6|24"|3--8|1|2--5 or 2--8 or 3--12|2--5 or 2--8 or 3--12|Nil|Nil|Standard||M to L|Non-|Neutral|Nil|Nil|Common|3--12|Nil|Nil|III|150\+6/hp
shark_3hd|3-HD Shark||Shark|16|6|24"|3|1|2--5|2--5|Nil|Nil|Standard||M to L|Non-|Neutral|Nil|Nil|Common|3--12|Nil|Nil|II|35\+3/hp
shark_4hd|4-HD Shark||Shark|15|6|24"|4|1|2--5|2--5|Nil|Nil|Standard||M to L|Non-|Neutral|Nil|Nil|Common|3--12|Nil|Nil|III|60\+4/hp
shark_5hd|5-HD Shark||Shark|15|6|24"|5|1|2--8|2--8|Nil|Nil|Standard||M to L|Non-|Neutral|Nil|Nil|Common|3--12|Nil|Nil|III|90\+5/hp
shark_6hd|6-HD Shark||Shark|13|6|24"|6|1|2--8|2--8|Nil|Nil|Standard||M to L|Non-|Neutral|Nil|Nil|Common|3--12|Nil|Nil|III|150\+6/hp
shark_7hd|7-HD Shark||Shark|13|6|24"|7|1|3--12|3--12|Nil|Nil|Standard||M to L|Non-|Neutral|Nil|Nil|Common|3--12|Nil|Nil|IV|225\+8/hp
shark_8hd|8-HD Shark||Shark|12|6|24"|8|1|3--12|3--12|Nil|Nil|Standard||M to L|Non-|Neutral|Nil|Nil|Common|3--12|Nil|Nil|V|375\+10/hp
shark_giant|Giant Shark|||10\?9\?8|5|18"|10--15|1|4--16 or 5--20 or 6--24|4--16 or 5--20 or 6--24|Swallow whole|Nil|Standard|Swallow whole|L|Non-|Neutral|Nil|Nil|Rare|1--3|Nil|Nil|VII|3000\+18/hp
shark_giant_10hd|10-HD Giant Shark||Giant Shark|10|5|18"|10|1|4--16|4--16|Swallow whole|Nil|Standard|Swallow whole|L|Non-|Neutral|Nil|Nil|Rare|1--3|Nil|Nil|VII|1500\+14/hp
shark_giant_11hd|11-HD Giant Shark||Giant Shark|10|5|18"|11|1|4--16|4--16|Swallow whole|Nil|Standard|Swallow whole|L|Non-|Neutral|Nil|Nil|Rare|1--3|Nil|Nil|VII|2150\+16/hp
shark_giant_12hd|12-HD Giant Shark||Giant Shark|9|5|18"|12|1|5--20|5--20|Swallow whole|Nil|Standard|Swallow whole|L|Non-|Neutral|Nil|Nil|Rare|1--3|Nil|Nil|VII|2150\+16/hp
shark_giant_13hd|13-HD Giant Shark||Giant Shark|9|5|18"|13|1|5--20|5--20|Swallow whole|Nil|Standard|Swallow whole|L|Non-|Neutral|Nil|Nil|Rare|1--3|Nil|Nil|VII|3000\+18/hp
shark_giant_14hd|14-HD Giant Shark||Giant Shark|8|5|18"|14|1|6--24|6--24|Swallow whole|Nil|Standard|Swallow whole|L|Non-|Neutral|Nil|Nil|Rare|1--3|Nil|Nil|VII|3000\+18/hp
shark_giant_15hd|15-HD Giant Shark||Giant Shark|8|5|18"|15|1|6--24|6--24|Swallow whole|Nil|Standard|Swallow whole|L|Non-|Neutral|Nil|Nil|Rare|1--3|Nil|Nil|VIII|4000\+20/hp
shedu|Shedu|||10|4|12"/24"|9+9|2|1--6\?1--6|2\x1--6|Psionics at 9th-level mastery; Ethereal at will; Astral and ethereal travel|Protection from evil in a 10' radius|25\%|Psionics, etherealness and planar travel; Protection from evil aura, MR 25\%|L|Exceptional|Lawful Good|70--100|All\?All|Rare|2--8|25\%|G|VII|3000\+14/hp
shrieker|Shrieker|||16|7|1"|3|0|Nil|Nil|Nil|Noise attracts wandering monsters|Standard|Noise attracts wandering monsters|S to L|Non-|Neutral|Nil|Nil|Common|2--8|0\%|Nil|II|35\+3/hp
skeleton|Skeleton|||19|7|12"|1|1|1--6|1--6|Nil|Half damage from sharp or edged weapons; Blunt weapons and fire inflict normal damage; Holy water inflicts 2--8|Immune to sleep, charm, hold and cold-based spells|Half damage from non-blunt weapons; Spell immunity; Holy-water vulnerability|M|Non-|Neutral|Nil|Nil|Rare|3--30|Nil|Nil|I|14\+1/hp
skunk_giant|Giant Skunk|||15|7|9"|5|1|1--6|1--6|Squirt musk: blindness for 1--8 hours or nausea for 2--8 turns|Musk causes creatures with human or better smell to flee unless they save versus poison|Standard|Blinding or nauseating musk; Musk odor causes flight|M|Animal|Neutral|Nil|Nil|Uncommon|1|Nil|Nil|IV|165\+5/hp
slithering_tracker|Slithering Tracker|||15|5|12"|5|0|Nil|Nil|Contact paralyzes; Drains all plasma in 6 turns|95\% undetectable; Flows through tiny openings and stalks sleeping prey|Standard|Paralysis and plasma drain; 95\% undetectable, flows through tiny openings|S (5\half' long)|Average|Neutral|Nil|Nil|Rare|1|10\%|Nil|V|280\+5/hp
slug_giant|Giant Slug|||9|8|6"|12|1|1--12|1--12|Acid missile discharge at up to 6"|Immune to blunt weapons; Requires sharp-edged or magical attacks|Standard|Acid missile; Blunt-weapon immunity|L|Non-|Neutral|Nil|Nil|Uncommon|1|Nil|Nil|VII|2700\+16/hp
snake_amphisbaena|Amphisbaena||Giant Snake|13|3|12"|6|2|1--3\?1--3|2\x1--3|Both heads have poisonous fangs|Immune to cold-based attacks|Standard|Two poisonous bites; Cold immunity|M|Animal|Neutral|Nil|Nil|Very rare|1--3|Nil|Nil|V|475\+6/hp
snake_constrictor|Giant Constrictor Snake||Giant Snake|13|5|9"|6+1|2|1--4\?2--8|1--4\?2--8|Continuing constriction for 2--8 per round|Nil|Standard|Continuing constriction|L|Animal|Neutral|Nil|Nil|Uncommon|1--2|Nil|Nil|V|350\+8/hp
snake_poisonous|Giant Poisonous Snake||Giant Snake|15|5|15"|4+2|1|1--3|1--3|Poison inflicts 3--18 even if saved|Nil|Standard|Poison (3--18 even if saved)|L|Animal|Neutral|Nil|Nil|Uncommon|1--6|Nil|Nil|V|390\+5/hp
snake_sea|Giant Sea Snake|||12|5|12"|8--10|2|1--6\?3--18|1--6\?3--18|Poisonous bite; Constricts small vessels for 10\% of their total value per round|Nil|Standard|Poison and vessel constriction|L|Animal|Neutral|Nil|Nil|Uncommon|1|Nil|Nil|VII|1300\+12/hp
snake_sea_8hd|8-HD Giant Sea Snake||Giant Sea Snake|12|5|12"|8|2|1--6\?3--18|1--6\?3--18|Poisonous bite; Constricts small vessels for 10\% of their total value per round|Nil|Standard|Poison and vessel constriction|L|Animal|Neutral|Nil|Nil|Uncommon|1|Nil|Nil|VI|825\+10/hp
snake_sea_9hd|9-HD Giant Sea Snake||Giant Sea Snake|12|5|12"|9|2|1--6\?3--18|1--6\?3--18|Poisonous bite; Constricts small vessels for 10\% of their total value per round|Nil|Standard|Poison and vessel constriction|L|Animal|Neutral|Nil|Nil|Uncommon|1|Nil|Nil|VII|1300\+12/hp
snake_sea_10hd|10-HD Giant Sea Snake||Giant Sea Snake|10|5|12"|10|2|1--6\?3--18|1--6\?3--18|Poisonous bite; Constricts small vessels for 10\% of their total value per round|Nil|Standard|Poison and vessel constriction|L|Animal|Neutral|Nil|Nil|Uncommon|1|Nil|Nil|VII|1950\+14/hp
snake_spitting|Giant Spitting Snake||Giant Snake|15|5|12"|4+2|1|1--3|1--3|Poisonous bite; Poisonous spittle at up to 3"|Nil|Standard|Poisonous bite and missile discharge|M|Animal|Neutral|Nil|Nil|Rare|1--4|Nil|Nil|V|430\+5/hp
spectre|Spectre|||13|2|15"/30"|7+3|1|1--8|1--8|Drains 2 experience levels; Victim drained below 0 becomes a half-strength spectre|+1 or better weapon to hit; Immune to sleep, charm, hold, cold, poison and paralysis|See below|Two-level energy drain; +1 weapon to hit, spell, cold, poison and paralysis immunity|M|High|Lawful Evil|Nil|Nil|Rare|1--6|20\%|Q (\x3), X, Y|VII|1625\+10/hp
sphinx_andro|Androsphinx||Sphinx|9|-2|18"/30"|12|2|2--12\?2--12|2\x2--12|Spells as a 6th-level cleric; Three escalating roars cause fear, paralysis/deafness, then weakness/stunning/damage|Nil|Standard|Cleric spells; Three-stage roar|L (8' tall)|Exceptional|Chaotic Good|Nil|Nil|Very rare|1|60\%|U|VIII|5250\+16/hp
sphinx_crio|Criosphinx||Sphinx|10|0|12"/24"|10|3|2--8\?2--8\?3--18|2\x2--8\?3--18|Nil|Nil|Standard|AC 0|L (7\half' tall)|Average|Neutral|Nil|Nil|Rare|1--4|30\%|F|VII|1350\+14/hp
sphinx_gyno|Gynosphinx||Sphinx|12|-1|15"/24"|8|2|2--8\?2--8|2\x2--8|Minor divination spells; Dispel magic, remove curse and legend lore; Each symbol once/week|Nil|Standard|Minor and major spell use, symbol suite; AC -1|L (7' tall)|Genius|Neutral|Nil|Nil|Rare|1|15\%|R, X|VII|1550\+10/hp
sphinx_hieraco|Hieracosphinx||Sphinx|12|1|9"/36"|9|3|2--8\?2--8\?1--10|2\x2--8\?1--10|Nil|Nil|Standard||L (7' tall)|Low|Chaotic Evil|Nil|Nil|Rare|1--6|20\%|E|VI|600\+12/hp
spider_giant|Giant Spider|||15|4|3"/12"|4+4|1|2--8|2--8|Webs as a web spell; Poisonous bite|Nil|Standard|Web entrapment, poison|L|Low|Chaotic Evil|Nil|Nil|Uncommon|1--8|70\%|C|V|315\+5/hp
spider_huge|Huge Spider||Spider|16|6|18"|2+2|1|1--6|1--6|Poison; Surprise on 1--5|Nil|Standard|Poison, surprise on 1--5|M|Animal|Neutral|Nil|Nil|Common|1--12|50\%|J--N, Q|III|105\+3/hp
spider_large|Large Spider||Spider|18|8|6"*15"|1+1|1|1|1|Poison (\+2 on save)|Nil|Standard|Poison (\+2)|S|Non-|Neutral|Nil|Nil|Common|2--20|60\%|J--N|III|65\+2/hp
spider_phase|Phase Spider|||13|7|6"*15"|5+5|1|1--6|1--6|Phases in to deliver a poisonous bite (save at -2); Webs as a web spell|Impervious to nearly all attacks while out of phase|Standard|Tactical phasing, web entrapment, strong poison; Out-of-phase immunity|L|Low|Neutral|Nil|Nil|Rare|1--4|75\%|E|VI|725\+6/hp
spider_water_giant|Giant Water Spider|||16|5|15"|3+3|1|1--4|1--4|Poisonous bite|Nil|Standard|Poison|M|Semi-|Neutral|Nil|Nil|Common|1--10|90\%|J--N, Q|IV|190\+4/hp
sprite|Sprite|||19|6|9"/18"|1|1|By weapon type|By weapon type|Sleep arrows; +4 to hit while invisible|Invisible at will; 75\% unnoticed otherwise; Moves silently|Standard|Sleep arrows; Invisibility and stealth|S (2' tall)|Very|Neutral (good)|Nil|Nil|Rare|10--100|20\%|C|III|80\+1/hp
squid_giant|Giant Squid|||9|7\,(3)|3"/18"|12|9|8\x1--6\?5--20|8\x1--6\?5--20|Tentacles constrict for 2--12 per round, pin limbs and drag prey underwater|Tentacles have 10 hp each; Ink cloud after four arms are lost|Standard|Nine attacks, constriction and pinning; Ink cloud, maximum damage 68|L|Non-|Neutral|Nil|Nil|Rare|1|40\%|Nil|VIII|4250\+16/hp
stag|Stag|||16|7|24"|3|1 or 2|2--8 or 1--3\?1--3|2--8 or 2\x1--3|Nil|Nil|Standard||L|Animal|Neutral|Nil|Nil|Common|1--4|Nil|Nil|II|35\+3/hp
stag_giant|Giant Stag|||15|7|21"|5|1 or 2|4--16 or 1--4\?1--4|4--16 or 2\x1--4|Nil|Nil|Standard||L|Animal|Neutral|Nil|Nil|Rare|1--2|Nil|Nil|III|90\+5/hp
stirge|Stirge|||18|8|3"//18"|1+1|1|1--3|1--3|Attack as 4HD monster, drain blood (1--4)|Nil|Standard|Attack as 4HD monster, drain blood (1--4)|S|Animal|Neutral|Nil|Nil|Uncommon|3--30|60\%|D|II|36\+2/hp
strangle_weed|Strangle Weed|||16|6|Nil|2--4|1|See description|See description|Entwines and constricts; Victim attacks at -2 while held|Nil|Standard|Entangling constriction|S|Animal|Neutral|Nil|Nil|Common|3--12|100\%|J--N, Q; C (magic only)|II|50\+3/hp
strangle_weed_2hd|2-HD Strangle Weed||Strangle Weed|16|6|Nil|2|1|See description|See description|Entwines and constricts; Victim attacks at -2 while held|Nil|Standard|Entangling constriction|S|Animal|Neutral|Nil|Nil|Common|3--12|100\%|J--N, Q; C (magic only)|II|28\+2/hp
strangle_weed_3hd|3-HD Strangle Weed||Strangle Weed|16|6|Nil|3|1|See description|See description|Entwines and constricts; Victim attacks at -2 while held|Nil|Standard|Entangling constriction|S|Animal|Neutral|Nil|Nil|Common|3--12|100\%|J--N, Q; C (magic only)|II|50\+3/hp
strangle_weed_4hd|4-HD Strangle Weed||Strangle Weed|15|6|Nil|4|1|See description|See description|Entwines and constricts; Victim attacks at -2 while held|Nil|Standard|Entangling constriction|S|Animal|Neutral|Nil|Nil|Common|3--12|100\%|J--N, Q; C (magic only)|III|85\+4/hp
su_monster|Su-Monster|||13|6|9"|5+5|5|1--4\?1--4\?1--4\?1--4\?2--8|4\x1--4\?2--8|Once-daily reactive psionic attack within 12"; Female deals double damage for 6 turns if young are attacked, male for 4 turns if female is attacked|Immune to psionic attacks|Standard|Five attacks, conditional maximum damage 48; Psionic attack and immunity|M|Average|Chaotic|120|See description|Uncommon|1--12|30\%|C, Y|VI|550\+6/hp
sylph|Sylph|||--|9|12"/36"|3|0|Nil|Nil|Spell use; Conjure air elemental 1/week|Invisibility at will|50\%|Spell use; Conjure air elemental; Invisibility at will; MR 50\%|M|Exceptional|Neutral Good|Nil|Nil|Very rare|1|10\%|Q (\x10), X|V|325\+3/hp
thought_eater|Thought Eater|||--|9|6"|3|0|Nil|Nil|Absorbs psionic and spell energy; Permanently drains Intelligence|Can be attacked only by ethereal creatures|See description|Mental-energy absorption and Intelligence drain; Ethereal-only vulnerability|S|Non-|Neutral|Nil|Nil|Rare|1--3|0\%|Nil|V|255\+3/hp
tick_giant|Giant Tick||Giant Tick|16|3|3"|2--4|1|1--4|1--4|Blood drain (1--6/r); 50\% chance of fatal disease|Nil|Standard|Blood drain; Fatal disease|S|Non-|Neutral|Nil|Nil|Rare|3--12|0\%|Nil|II|105\+3/hp
tick_giant_2hd|2-HD Giant Tick||Giant Tick|16|3|3"|2|1|1--4|1--4|Blood drain (1--6/r); 50\% chance of fatal disease|Nil|Standard|Blood drain; Fatal disease|S|Non-|Neutral|Nil|Nil|Rare|3--12|0\%|Nil|II|73\+2/hp
tick_giant_3hd|3-HD Giant Tick||Giant Tick|16|3|3"|3|1|1--4|1--4|Blood drain (1--6/r); 50\% chance of fatal disease|Nil|Standard|Blood drain; Fatal disease|S|Non-|Neutral|Nil|Nil|Rare|3--12|0\%|Nil|II|105\+3/hp
tick_giant_4hd|4-HD Giant Tick||Giant Tick|15|3|3"|4|1|1--4|1--4|Blood drain (1--6/r); 50\% chance of fatal disease|Nil|Standard|Blood drain; Fatal disease|S|Non-|Neutral|Nil|Nil|Rare|3--12|0\%|Nil|II|150\+4/hp
tiger|Tiger||Tiger|13|6|12"|5+5|3 (5)|2--5\?2--5\?1--10 (\+2--8\?2--8)|2\x2--5\?1--10 (\+2\x2--8)|Rear-claw rake if both forepaws hit; Leaps 10' upward and 30'--50' forward to attack|Surprised only on a 1|Standard|Rear-claw rake and attack leap; Surprised only on a 1|L|Semi-|Neutral|Nil|Nil|Uncommon|1--4|5\%|Nil|V|300\+6/hp
tiger_sabre_tooth|Sabre-Tooth Tiger||Tiger|13|6|12"|7+2|3 (5)|2--5\?2--5\?2--12 (\+2--8\?2--8)|2\x2--5\?2--12 (\+2\x2--8)|+2 to hit; Rear-claw rake if both forepaws hit; Leaps 10' upward and 30'--50' forward to attack|Surprised only on a 1|Standard|+2 to hit; Rear-claw rake and attack leap; Surprised only on a 1|L|Animal|Neutral|Nil|Nil|Rare|1--2|10\%|Nil|VI|900\+10/hp
titan|Titan||Titan|7|2 to -3|21" or 15"|17--22|1|7--42 or 8--48|7--42 or 8--48|Magic-user and cleric spell use; Psionics|Invisibility at will; Levitation or etherealness 2/day; Immune to psionic attacks|60\%|Spell use, psionics and high damage; Invisibility, etherealness, psionic immunity and MR 60\%|L (15' tall)|Genius to supra-genius|Chaotic Good|101--200|B, C, D, E/Special|Very rare|1--2 (10\%)|10\%|E, Q (\x10), R|X|22400\+30/hp
titan_lesser_17hd|17-HD Lesser Titan||Titan|7|2|21"|17|1|7--42|7--42|Magic-user and cleric spell use; Psionics|Invisibility at will; Levitation or etherealness 2/day; Immune to psionic attacks|60\%|Spell use, psionics and high damage; Invisibility, etherealness, psionic immunity and MR 60\%|L (15' tall)|Genius to supra-genius|Chaotic Good|101--200|B, C, D, E/Special|Very rare|1--2 (10\%)|10\%|E, Q (\x10), R|X|15560\+25/hp
titan_lesser_18hd|18-HD Lesser Titan||Titan|7|1|21"|18|1|7--42|7--42|Magic-user and cleric spell use; Psionics|Invisibility at will; Levitation or etherealness 2/day; Immune to psionic attacks|60\%|Spell use, psionics and high damage; Invisibility, etherealness, psionic immunity and MR 60\%|L (15' tall)|Genius to supra-genius|Chaotic Good|101--200|B, C, D, E/Special|Very rare|1--2 (10\%)|10\%|E, Q (\x10), R|X|15560\+25/hp
titan_major_19hd|19-HD Major Titan||Titan|7|0|15"|19|1|7--42|7--42|Magic-user and cleric spell use; Psionics|Invisibility at will; Levitation or etherealness 2/day; Immune to psionic attacks|60\%|Spell use, psionics and high damage; AC 0, invisibility, etherealness, psionic immunity and MR 60\%|L (15' tall)|Genius to supra-genius|Chaotic Good|101--200|B, C, D, E/Special|Very rare|1--2 (10\%)|10\%|E, Q (\x10), R|X|22400\+30/hp
titan_major_20hd|20-HD Major Titan||Titan|7|-1|15"|20|1|7--42|7--42|Magic-user and cleric spell use; Psionics|Invisibility at will; Levitation or etherealness 2/day; Immune to psionic attacks|60\%|Spell use, psionics and high damage; AC -1, invisibility, etherealness, psionic immunity and MR 60\%|L (15' tall)|Genius to supra-genius|Chaotic Good|101--200|B, C, D, E/Special|Very rare|1--2 (10\%)|10\%|E, Q (\x10), R|X|22400\+30/hp
titan_elder_21hd|21-HD Elder Titan||Titan|7|-2|15"|21|1|8--48|8--48|Magic-user and cleric spell use; Psionics|Invisibility at will; Levitation or etherealness 2/day; Immune to psionic attacks|60\%|Spell use, psionics and high damage; AC -2, invisibility, etherealness, psionic immunity and MR 60\%|L (15' tall)|Genius to supra-genius|Chaotic Good|101--200|B, C, D, E/Special|Very rare|1--2 (10\%)|10\%|E, Q (\x10), R|X|27400\+35/hp
titan_elder_22hd|22-HD Elder Titan||Titan|7|-3|15"|22|1|8--48|8--48|Magic-user and cleric spell use; Psionics|Invisibility at will; Levitation or etherealness 2/day; Immune to psionic attacks|60\%|Spell use, psionics and high damage; AC -3, invisibility, etherealness, psionic immunity and MR 60\%|L (15' tall)|Genius to supra-genius|Chaotic Good|101--200|B, C, D, E/Special|Very rare|1--2 (10\%)|10\%|E, Q (\x10), R|X|27400\+35/hp
titanothere|Titanothere|||9|6|12"|12|1|2--16|2--16|Charge (4--32); Trample (2--12/foot)|Nil|Standard|Charge and trample; Maximum damage 32 singly|L (8' at shoulder)|Animal|Neutral|Nil|Nil|Uncommon|1--12|Nil|Nil|VII|2850\+16/hp
toad_giant|Giant Toad||Giant Toad|16|6|6" + 6" hop|2+4|1|2--8|2--8|Can attack during or after a 6" hop|Nil|Standard|Attack hop|M|Animal|Neutral|Nil|Nil|Common|1--12|0\%|Nil|II|50\+3/hp
toad_ice|Ice Toad||Giant Toad|15|4|9" + 9" hop|5|1|3--12|3--12|Cold radiation (3--18 in 1" radius every other round); Can attack during or after a 9" hop|Nil|Standard|Attack hop; Cold radiation|L|Average|Neutral|Nil|Nil|Rare|1--4|40\%|C|IV|205\+5/hp
toad_poisonous|Poisonous Toad||Giant Toad|16|7|6" + 6" hop|2|1|2--5|2--5|Save-or-die poison bite; Can attack during or after a 6" hop|Nil|Standard|Attack hop; Save-or-die poison bite|M|Animal|Neutral|Nil|Nil|Uncommon|1--8|0\%|Nil|II|163\+2/hp
trapper|Trapper|||9|3|3"|12|4+|4 + victim's AC/r|4 + AC/r|95\% undetectable; Encloses multiple victims, prevents weapon use and smothers in 6 rounds|Half or no damage from fire and cold|Standard|Multiple-victim enclosure; Elemental resistance; Near-perfect camouflage; Entrapment and smothering|L|High|Neutral|Nil|Nil|Rare|1|85\%|G|VIII|4400\+16/hp
treant|Treant||Treant|10|0|12"|7--12|2|3--18\?3--18|2\x3--18|Animates 1--2 trees within 6"|Never surprised; Fire attacks +4 to hit, saves at -4, +1 damage/die|Standard|AC 0, never surprised and tree camouflage; Animated-tree control and maximum damage 36 doubly; Fire vulnerability|L (16'--19' tall)|Very|Chaotic Good|Nil|Nil|Rare|1--20|10\%|Q (\x5), S|VIII|3450\+14/hp
treant_shrubling_7hd|7-HD Shrubling Treant||Treant|13|0|12"|7|2|2--16\?2--16|2\x2--16|Animates 1--2 trees within 6"|Never surprised; Fire attacks +4 to hit, saves at -4, +1 damage/die|Standard|AC 0, never surprised and tree camouflage; Animated-tree control and maximum damage 32 doubly; Fire vulnerability|L (12'--15' tall)|Very|Chaotic Good|Nil|Nil|Rare|1--20|10\%|Q (\x5), S|VI|950\+8/hp
treant_shrubling_8hd|8-HD Shrubling Treant||Treant|12|0|12"|8|2|2--16\?2--16|2\x2--16|Animates 1--2 trees within 6"|Never surprised; Fire attacks +4 to hit, saves at -4, +1 damage/die|Standard|AC 0, never surprised and tree camouflage; Animated-tree control and maximum damage 32 doubly; Fire vulnerability|L (12'--15' tall)|Very|Chaotic Good|Nil|Nil|Rare|1--20|10\%|Q (\x5), S|VII|1450\+10/hp
treant_mature_9hd|9-HD Mature Treant||Treant|12|0|12"|9|2|3--18\?3--18|2\x3--18|Animates 1--2 trees within 6"|Never surprised; Fire attacks +4 to hit, saves at -4, +1 damage/die|Standard|AC 0, never surprised and tree camouflage; Animated-tree control and maximum damage 36 doubly; Fire vulnerability|L (16'--19' tall)|Very|Chaotic Good|Nil|Nil|Rare|1--20|10\%|Q (\x5), S|VII|2300\+12/hp
treant_mature_10hd|10-HD Mature Treant||Treant|10|0|12"|10|2|3--18\?3--18|2\x3--18|Animates 1--2 trees within 6"|Never surprised; Fire attacks +4 to hit, saves at -4, +1 damage/die|Standard|AC 0, never surprised and tree camouflage; Animated-tree control and maximum damage 36 doubly; Fire vulnerability|L (16'--19' tall)|Very|Chaotic Good|Nil|Nil|Rare|1--20|10\%|Q (\x5), S|VIII|3450\+14/hp
treant_moss_trunk_11hd|11-HD Moss-Trunk Treant||Treant|10|0|12"|11|2|4--24\?4--24|2\x4--24|Animates 1--2 trees within 6"|Never surprised; Fire attacks +4 to hit, saves at -4, +1 damage/die|Standard|AC 0, never surprised and tree camouflage; Animated-tree control and maximum damage 48 doubly; Fire vulnerability|L (20'--23'+ tall)|Very|Chaotic Good|Nil|Nil|Rare|1--20|10\%|Q (\x5), S|VIII|5100\+16/hp
treant_moss_trunk_12hd|12-HD Moss-Trunk Treant||Treant|9|0|12"|12|2|4--24\?4--24|2\x4--24|Animates 1--2 trees within 6"|Never surprised; Fire attacks +4 to hit, saves at -4, +1 damage/die|Standard|AC 0, never surprised and tree camouflage; Animated-tree control and maximum damage 48 doubly; Fire vulnerability|L (20'--23'+ tall)|Very|Chaotic Good|Nil|Nil|Rare|1--20|10\%|Q (\x5), S|VIII|5100\+16/hp
triton|Triton||Triton|16|4|15"|3|1|By weapon type|By weapon|Possible psionics (+1 Exceptional award)|Nil|90\%|High combat Intelligence; MR 90\%; Possible psionics at +1E; 90\% mounted on hippocampus or giant sea horse|M|High and up|Neutral Good|Possible|See description|Rare|10--60|25\%|C, R, S, T, X|III|105\+3/hp
triton_leader_4hd|4-HD Triton Leader||Triton|15|4|15"|4|1|By weapon type|By weapon|Conch horn calms rough water, summons marine creatures or panics animal intelligence; Possible psionics (+1 Exceptional award)|Nil|90\%|High combat Intelligence; MR 90\%; Conch-horn power suite; Possible psionics at +1E; 90\% mounted|M|High and up|Neutral Good|Possible|See description|Rare|1|25\%|C, R, S, T, X|IV|215\+4/hp
triton_leader_5hd|5-HD Triton Leader||Triton|15|4|15"|5|1|By weapon type|By weapon|Conch horn calms rough water, summons marine creatures or panics animal intelligence; Possible psionics (+1 Exceptional award)|Nil|90\%|High combat Intelligence; MR 90\%; Conch-horn power suite; Possible psionics at +1E; 90\% mounted|M|High and up|Neutral Good|Possible|See description|Rare|1|25\%|C, R, S, T, X|V|280\+5/hp
triton_leader_6hd|6-HD Triton Leader||Triton|13|4|15"|6|1|By weapon type|By weapon|Conch horn calms rough water, summons marine creatures or panics animal intelligence; Possible psionics (+1 Exceptional award)|Nil|90\%|High combat Intelligence; MR 90\%; Conch-horn power suite; Possible psionics at +1E; 90\% mounted|M|High and up|Neutral Good|Possible|See description|Rare|1|25\%|C, R, S, T, X|V|475\+6/hp
triton_leader_7hd|7-HD Triton Leader||Triton|13|4|15"|7|1|By weapon type|By weapon|Conch horn calms rough water, summons marine creatures or panics animal intelligence; Possible psionics (+1 Exceptional award)|Nil|90\%|High combat Intelligence; MR 90\%; Conch-horn power suite; Possible psionics at +1E; 90\% mounted|M|High and up|Neutral Good|Possible|See description|Rare|1|25\%|C, R, S, T, X|VI|700\+8/hp
triton_leader_8hd|8-HD Triton Leader||Triton|12|4|15"|8|1|By weapon type|By weapon|Conch horn calms rough water, summons marine creatures or panics animal intelligence; Possible psionics (+1 Exceptional award)|Nil|90\%|High combat Intelligence; MR 90\%; Conch-horn power suite; Possible psionics at +1E; 90\% mounted|M|High and up|Neutral Good|Possible|See description|Rare|1|25\%|C, R, S, T, X|VII|1100\+10/hp
triton_leader_9hd|9-HD Triton Leader||Triton|12|4|15"|9|1|By weapon type|By weapon|Conch horn calms rough water, summons marine creatures or panics animal intelligence; Possible psionics (+1 Exceptional award)|Nil|90\%|High combat Intelligence; MR 90\%; Conch-horn power suite; Possible psionics at +1E; 90\% mounted|M|High and up|Neutral Good|Possible|See description|Rare|1|25\%|C, R, S, T, X|VII|1700\+12/hp
triton_spellcaster_1st|1st-Level Triton Spellcaster||Triton|16|4|15"|3|1|By weapon type|By weapon|Spells as a 1st-level magic-user or cleric; Possible psionics (+1 Exceptional award)|Nil|90\%|High combat Intelligence; Spell use; MR 90\%; Possible psionics at +1E; 90\% mounted|M|High and up|Neutral Good|Possible|See description|Rare|1|25\%|C, R, S, T, X|IV|160\+3/hp
triton_spellcaster_2nd|2nd-Level Triton Spellcaster||Triton|16|4|15"|3|1|By weapon type|By weapon|Spells as a 2nd-level magic-user or cleric; Possible psionics (+1 Exceptional award)|Nil|90\%|High combat Intelligence; Spell use; MR 90\%; Possible psionics at +1E; 90\% mounted|M|High and up|Neutral Good|Possible|See description|Rare|1|25\%|C, R, S, T, X|IV|160\+3/hp
triton_spellcaster_3rd|3rd-Level Triton Spellcaster||Triton|16|4|15"|3|1|By weapon type|By weapon|Spells as a 3rd-level magic-user or cleric; Possible psionics (+1 Exceptional award)|Nil|90\%|High combat Intelligence; Spell use; MR 90\%; Possible psionics at +1E; 90\% mounted|M|High and up|Neutral Good|Possible|See description|Rare|1|25\%|C, R, S, T, X|IV|215\+4/hp
triton_spellcaster_4th|4th-Level Triton Spellcaster||Triton|15|4|15"|4|1|By weapon type|By weapon|Spells as a 4th-level magic-user or cleric; Possible psionics (+1 Exceptional award)|Nil|90\%|High combat Intelligence; Spell use; MR 90\%; Possible psionics at +1E; 90\% mounted|M|High and up|Neutral Good|Possible|See description|Rare|1|25\%|C, R, S, T, X|V|280\+5/hp
triton_spellcaster_5th|5th-Level Triton Spellcaster||Triton|15|4|15"|5|1|By weapon type|By weapon|Spells as a 5th-level magic-user or cleric; Possible psionics (+1 Exceptional award)|Nil|90\%|High combat Intelligence; Spell use; MR 90\%; Possible psionics at +1E; 90\% mounted|M|High and up|Neutral Good|Possible|See description|Rare|1|25\%|C, R, S, T, X|V|475\+6/hp
triton_spellcaster_6th|6th-Level Triton Spellcaster||Triton|13|4|15"|6|1|By weapon type|By weapon|Spells as a 6th-level magic-user or cleric; Possible psionics (+1 Exceptional award)|Nil|90\%|High combat Intelligence; Spell use; MR 90\%; Possible psionics at +1E; 90\% mounted|M|High and up|Neutral Good|Possible|See description|Rare|1|25\%|C, R, S, T, X|VI|700\+8/hp
triton_spellcaster_7th|7th-Level Triton Spellcaster||Triton|13|4|15"|7|1|By weapon type|By weapon|Spells as a 7th-level magic-user or cleric; Possible psionics (+1 Exceptional award)|Nil|90\%|High combat Intelligence; Spell use; MR 90\%; Possible psionics at +1E; 90\% mounted|M|High and up|Neutral Good|Possible|See description|Rare|1|25\%|C, R, S, T, X|VII|1100\+10/hp
triton_spellcaster_8th|8th-Level Triton Spellcaster||Triton|12|4|15"|8|1|By weapon type|By weapon|Spells as an 8th-level magic-user or cleric; Possible psionics (+1 Exceptional award)|Nil|90\%|High combat Intelligence; Spell use; MR 90\%; Possible psionics at +1E; 90\% mounted|M|High and up|Neutral Good|Possible|See description|Rare|1|25\%|C, R, S, T, X|VII|1700\+12/hp
triton_spellcaster_9th|9th-Level Triton Spellcaster||Triton|12|4|15"|9|1|By weapon type|By weapon|Spells as a 9th-level magic-user or cleric; Possible psionics (+1 Exceptional award)|Nil|90\%|High combat Intelligence; Spell use; MR 90\%; Possible psionics at +1E; 90\% mounted|M|High and up|Neutral Good|Possible|See description|Rare|1|25\%|C, R, S, T, X|VII|2550\+14/hp
triton_spellcaster_10th|10th-Level Triton Spellcaster||Triton|10|4|15"|10|1|By weapon type|By weapon|Spells as a 10th-level magic-user or cleric; Possible psionics (+1 Exceptional award)|Nil|90\%|High combat Intelligence; Spell use; MR 90\%; Possible psionics at +1E; 90\% mounted|M|High and up|Neutral Good|Possible|See description|Rare|1|25\%|C, R, S, T, X|VIII|3700\+16/hp
triton_spellcaster_11th|11th-Level Triton Cleric||Triton|10|4|15"|11|1|By weapon type|By weapon|Spells as an 11th-level cleric; Possible psionics (+1 Exceptional award)|Nil|90\%|High combat Intelligence; Spell use; MR 90\%; Possible psionics at +1E; 90\% mounted|M|High and up|Neutral Good|Possible|See description|Rare|1|25\%|C, R, S, T, X|VIII|3700\+16/hp
troglodyte|Troglodyte||Troglodyte|16|5|12"|2|3 or 1|1--3\?1--3\?2--5 or by weapon type|2\x1--3\?2--5 or by weapon|Revulsion odor causes cumulative Strength loss; Chameleon camouflage surprises on 1--4; Possible +3 javelin (+1 Special award)|Chameleon camouflage|Standard|Chameleon surprise; Strength-draining odor; Possible +3 javelin at +1S|M|Low|Chaotic Evil|Nil|Nil|Common|10--100|15\%|A|II|73\+2/hp
troglodyte_guard_3hd|3-HD Troglodyte Guard||Troglodyte|16|5|12"|3|3 or 1|1--3\?1--3\?2--5 or by weapon type|2\x1--3\?2--5 or by weapon|Revulsion odor causes cumulative Strength loss; Chameleon camouflage surprises on 1--4; Possible +3 javelin (+1 Special award)|Chameleon camouflage|Standard|Chameleon surprise; Strength-draining odor; Possible +3 javelin at +1S|M|Low|Chaotic Evil|Nil|Nil|Common|2--8|15\%|A|II|105\+3/hp
troglodyte_leader_4hd|4-HD Troglodyte Leader||Troglodyte|15|5|12"|4|3 or 1|1--3\?1--3\?2--5 or by weapon type|2\x1--3\?2--5 or by weapon|Revulsion odor causes cumulative Strength loss; Chameleon camouflage surprises on 1--4; Possible +3 javelin (+1 Special award)|Chameleon camouflage|Standard|Chameleon surprise; Strength-draining odor; Possible +3 javelin at +1S|M|Low|Chaotic Evil|Nil|Nil|Common|2 per 20|15\%|A|II|150\+4/hp
troglodyte_chieftain_6hd|6-HD Troglodyte Chieftain||Troglodyte|13|5 or 4|12"|6|3 or 1|1--3\?1--3\?2--5 or by weapon type|2\x1--3\?2--5 or by weapon|Revulsion odor causes cumulative Strength loss; Chameleon camouflage surprises on 1--4; Possible +3 javelin (+1 Special award)|Chameleon camouflage|Standard|Chameleon surprise; Strength-draining odor; Possible +3 javelin at +1S|M|Low|Chaotic Evil|Nil|Nil|Common|1 per 60+|15\%|A|V|350\+6/hp
troglodyte_female|Female Troglodyte||Troglodyte|18|5|12"|1+1|3 or 1|1--3\?1--3\?2--5 or by weapon type|2\x1--3\?2--5 or by weapon|Revulsion odor causes cumulative Strength loss; Chameleon camouflage surprises on 1--4; Possible +3 javelin (+1 Special award)|Chameleon camouflage|Standard|Chameleon surprise; Strength-draining odor; Possible +3 javelin at +1S|M|Low|Chaotic Evil|Nil|Nil|Common|As males in lair|15\%|A|II|73\+2/hp
troll|Troll|||13|4|12"|6+6|3|5--8\?5--8\?2--12|2\x5--8\?2--12|Nil|Surprised on a 1 only, regeneration (+3/r)|Standard|Surprised on a 1 only, regeneration (+3/r)|L (9'+ tall)|Low|Chaotic Evil|Nil|Nil|Uncommon|1--12|40\%|D|VI|525\+8/hp
turtle_giant_sea|Giant Sea Turtle||Turtle|8|2/5|3"//15"|15|1|4--16|4--16|Nil|Withdraw head and flippers to AC 3|Standard|Withdraw head and flippers to AC 3; Can capsize vessels|L|Non-|Neutral|Nil|Nil|Uncommon|1--3|0\%|Nil|VII|2400\+20/hp
turtle_giant_snapping|Giant Snapping Turtle||Turtle|10|0/5|3"//2"|10|1|6--24|6--24|Surprises on 1--4; Strikes with 10' neck|Withdraw head and limbs to AC 2|Standard|AC 0 shell; Surprises on 1--4; Strikes with 10' neck; Withdraws head and limbs to AC 2|L|Non-|Neutral|Nil|Nil|Uncommon|1--4|0\%|Nil|VII|1800\+14/hp
umber_hulk|Umber Hulk|||12|2|6" (1"--6")|8+8|3|3--12\?3--12\?2--10|2\x3--12\?2--10|Confusion gaze|Nil|Standard|Confusion gaze; Burrows through solid stone|L (8' tall, 5' wide)|Average|Chaotic Evil|Nil|Nil|Rare|1--4|30\%|G|VII|1300\+12/hp
unicorn|Unicorn|||15|2|24"|4+4|3|1--6\?1--6\?1--12|2\x1--6\?1--12|Charge: horn deals 2--24 damage at +2 to hit; Surprises on 1--5; Dimension door 36" once/day|Immune to poison, charm, hold, and death spells; Senses enemies within 24"; Saves as an 11th-level magic-user|See below|Magical horn charge; Poison immunity; Senses enemies within 24"; Surprises on 1--5; Dimension door; 11th-level saves and spell immunities|L|Average|Chaotic Good|Nil|Nil|Rare|2--5|5\%|X|V|400\+5/hp
vampire|Vampire|||12|1|12"/18"|8+3|1|5--10|5--10|Drains 2 energy levels; Charm gaze (-2 save); Summons rats, bats, or wolves|+1 or better weapon to hit; Regenerates 3 hp/round; Gaseous form at will and at 0 hp; Shapechanges into a large bat; Immune to sleep, charm, hold, poison, and paralysis; Half damage from cold and electricity|See below|Exceptional combat Intelligence; Two-level energy drain; Charm gaze; Creature summoning; Magic weapon to hit; Regeneration and forced gaseous survival; At-will bat and gaseous shapechanging; Broad resistance suite|M|Exceptional|Chaotic Evil|Nil|Nil|Rare|1--4|25\%|F|VIII|3800\+12/hp
vampire_eastern|Eastern Vampire||Vampire|12|1|12"/18"|8+3|1|5--10|5--10|Drains 2 energy levels; Summons rats, bats, or wolves|Invisible (-2 to opponents' attacks); +1 or better weapon to hit; Regenerates 3 hp/round; Forced into gaseous form at 0 hp; Shapechanges into a large bat; Immune to sleep, charm, hold, poison, and paralysis; Half damage from cold and electricity|See below|Exceptional combat Intelligence; Two-level energy drain; Permanent invisibility; Creature summoning; Magic weapon to hit; Regeneration and forced gaseous survival; Bat shapechange; Broad resistance suite|M|Exceptional|Chaotic Evil|Nil|Nil|Rare|1--4|25\%|F|VIII|3800\+12/hp
weasel_giant|Giant Weasel|||16|6|15"|3+3|1|2--12|2--12|Drain blood (2--12/r)|Nil|Standard|Drain blood (2--12/r)|M|Animal|Neutral|Nil|Nil|Rare|1--8|15\%|Nil|III|125\+4/hp
wight|Wight|||15|5|12"|4+3|1|1--4|1--4|Energy drain|Silver or magic weapons to hit, immune to sleep, hold, charm, cold, poison, paralysis|Special|Energy drain; Silver or magic weapons to hit, immune to sleep, hold, charm, cold, poison, paralysis|M|Average|Lawful Evil|Nil|Nil|Uncommon|2--16|70\%|B|VI|540\+5/hp
wolf|Wolf||Wolf|16|7|18"|2\+2|1|2--5|2--5|Howling - 50\% to panic herbivores not being held and calmed|Nil|Standard|Howling|S|Semi-|Neutral|Nil|Nil|Common|2--20|10\%|Nil|II|35\+3/hp
zombie|Zombie|||16|8|6"|2|1|1--8|1--8|Nil|Nil|Immune to sleep, charm, hold and cold-based spells|Immune to sleep, char, hold and cold-based spells; damage from holy water|M|Non-|N|Nil|Nil|Rare|3--24|Nil|Nil|I|20\+2/hp
